id,cloth_type
4705,top_t-shirt_sweatshirt
4706,top_t-shirt_sweatshirt shoe skirt
4707,top_t-shirt_sweatshirt
4708,pants shoe shirt_blouse
4709,top_t-shirt_sweatshirt
4710,top_t-shirt_sweatshirt
4711,top_t-shirt_sweatshirt shoe bag_wallet
4712,top_t-shirt_sweatshirt
4713,skirt jacket sweater
4714,top_t-shirt_sweatshirt pants shoe
4715,shoe dress skirt
4716,
4717,shirt_blouse watch
4718,pants belt
4719,top_t-shirt_sweatshirt
4720,pants shirt_blouse jacket
4721,
4722,top_t-shirt_sweatshirt
4723,top_t-shirt_sweatshirt dress shorts
4724,top_t-shirt_sweatshirt shorts
4725,pants
4726,shoe dress
4727,top_t-shirt_sweatshirt bag_wallet hat
4728,dress
4729,top_t-shirt_sweatshirt
4730,top_t-shirt_sweatshirt pants shoe
4731,top_t-shirt_sweatshirt shoe dress skirt
4732,top_t-shirt_sweatshirt jacket
4733,
4734,pants shirt_blouse
4735,dress
4736,pants jacket
4737,skirt
4738,top_t-shirt_sweatshirt
4739,
4740,shoe
4741,top_t-shirt_sweatshirt shoe skirt hat
4742,pants shoe watch
4743,pants
4744,
4745,dress
4746,jacket
4747,top_t-shirt_sweatshirt dress skirt jacket
4748,shoe skirt
4749,hat
4750,dress
4751,top_t-shirt_sweatshirt shirt_blouse
4752,
4753,top_t-shirt_sweatshirt
4754,top_t-shirt_sweatshirt
4755,jacket
4756,
4757,shoe skirt bag_wallet
4758,top_t-shirt_sweatshirt pants shoe
4759,pants shoe shirt_blouse
4760,
4761,pants shoe
4762,shoe dress skirt bag_wallet
4763,
4764,top_t-shirt_sweatshirt watch
4765,
4766,pants shoe
4767,
4768,top_t-shirt_sweatshirt
4769,dress
4770,top_t-shirt_sweatshirt skirt shorts
4771,dress
4772,skirt
4773,top_t-shirt_sweatshirt
4774,top_t-shirt_sweatshirt
4775,top_t-shirt_sweatshirt
4776,
4777,shoe
4778,
4779,top_t-shirt_sweatshirt 
4780,shorts 
4781,top_t-shirt_sweatshirt
4782,shoe
4783,pants shoe watch
4784,dress
4785,top_t-shirt_sweatshirt skirt
4786,
4787,top_t-shirt_sweatshirt
4788,top_t-shirt_sweatshirt pants shoe bag_wallet
4789,
4790,pants
4791,skirt shirt_blouse
4792,top_t-shirt_sweatshirt
4793,dress
4794,
4795,shorts
4796,pants shoe shirt_blouse
4797,shoe dress
4798,dress
4799,hat
4800,dress
4801,shoe dress
4802,top_t-shirt_sweatshirt
4803,
4804,
4805,top_t-shirt_sweatshirt shorts
4806,top_t-shirt_sweatshirt dress skirt jacket
4807,shirt_blouse jacket
4808,top_t-shirt_sweatshirt pants shoe watch
4809,top_t-shirt_sweatshirt pants
4810,top_t-shirt_sweatshirt pants shoe belt
4811,top_t-shirt_sweatshirt pants shoe shirt_blouse bag_wallet
4812,
4813,top_t-shirt_sweatshirt
4814,top_t-shirt_sweatshirt shorts bag_wallet jacket
4815,top_t-shirt_sweatshirt
4816,top_t-shirt_sweatshirt dress watch jacket glasses
4817,top_t-shirt_sweatshirt
4818,pants shoe shirt_blouse
4819,top_t-shirt_sweatshirt pants shoe
4820,shoe dress skirt
4821,top_t-shirt_sweatshirt shoe skirt shirt_blouse
4822,dress
4823,pants dress
4824,dress
4825,shorts 
4826,
4827,top_t-shirt_sweatshirt pants shoe
4828,top_t-shirt_sweatshirt pants shoe shirt_blouse
4829,top_t-shirt_sweatshirt dress bag_wallet
4830,skirt
4831,dress
4832,top_t-shirt_sweatshirt skirt shorts bag_wallet
4833,top_t-shirt_sweatshirt skirt
4834,pants shoe watch
4835,shirt_blouse jacket
4836,top_t-shirt_sweatshirt dress watch sweater
4837,top_t-shirt_sweatshirt pants
4838,jacket
4839,top_t-shirt_sweatshirt
4840,pants
4841,
4842,dress
4843,pants shoe
4844,top_t-shirt_sweatshirt pants shoe watch
4845,shoe dress skirt
4846,
4847,top_t-shirt_sweatshirt pants shoe
4848,top_t-shirt_sweatshirt shorts
4849,dress
4850,dress
4851,shoe
4852,shoe
4853,shoe dress skirt
4854,top_t-shirt_sweatshirt
4855,top_t-shirt_sweatshirt pants shoe
4856,top_t-shirt_sweatshirt pants shoe
4857,skirt
4858,dress
4859,top_t-shirt_sweatshirt pants shoe
4860,pants
4861,pants shoe
4862,top_t-shirt_sweatshirt watch
4863,top_t-shirt_sweatshirt pants shoe
4864,pants shoe watch belt
4865,shorts
4866,pants shoe watch
4867,top_t-shirt_sweatshirt
4868,dress
4869,shoe skirt shirt_blouse
4870,
4871,top_t-shirt_sweatshirt watch
4872,top_t-shirt_sweatshirt pants shoe bag_wallet
4873,dress
4874,pants
4875,top_t-shirt_sweatshirt shoe skirt
4876,top_t-shirt_sweatshirt pants shoe
4877,top_t-shirt_sweatshirt pants
4878,
4879,top_t-shirt_sweatshirt shorts
4880,skirt
4881,skirt shirt_blouse
4882,shoe skirt bag_wallet
4883,top_t-shirt_sweatshirt pants shoe
4884,
4885,top_t-shirt_sweatshirt
4886,dress belt
4887,top_t-shirt_sweatshirt pants skirt jacket
4888,pants belt
4889,top_t-shirt_sweatshirt
4890,
4891,top_t-shirt_sweatshirt pants shoe bag_wallet
4892,shoe skirt shirt_blouse watch
4893,skirt shirt_blouse shorts
4894,shorts
4895,dress hat headband_head-covering_hair-accessory
4896,top_t-shirt_sweatshirt
4897,top_t-shirt_sweatshirt pants bag_wallet
4898,top_t-shirt_sweatshirt pants shoe
4899,top_t-shirt_sweatshirt dress
4900,
4901,top_t-shirt_sweatshirt shoe skirt
4902,top_t-shirt_sweatshirt watch hat
4903,top_t-shirt_sweatshirt
4904,top_t-shirt_sweatshirt
4905,top_t-shirt_sweatshirt
4906,pants shirt_blouse jacket
4907,top_t-shirt_sweatshirt pants shoe
4908,
4909,pants shoe
4910,top_t-shirt_sweatshirt skirt
4911,top_t-shirt_sweatshirt
4912,
4913,dress
4914,top_t-shirt_sweatshirt shorts
4915,top_t-shirt_sweatshirt dress skirt jacket
4916,shoe dress jacket
4917,dress
4918,top_t-shirt_sweatshirt shorts
4919,pants
4920,
4921,top_t-shirt_sweatshirt shoe dress
4922,
4923,top_t-shirt_sweatshirt
4924,
4925,pants watch sweater
4926,dress
4927,top_t-shirt_sweatshirt
4928,dress jacket coat
4929,pants belt
4930,dress headband_head-covering_hair-accessory
4931,dress watch
4932,pants shoe
4933,pants
4934,top_t-shirt_sweatshirt
4935,dress
4936,pants belt
4937,pants shoe dress shirt_blouse
4938,top_t-shirt_sweatshirt pants shoe shorts
4939,top_t-shirt_sweatshirt dress watch
4940,pants shoe shirt_blouse watch
4941,dress
4942,top_t-shirt_sweatshirt
4943,jacket
4944,top_t-shirt_sweatshirt skirt jacket
4945,bag_wallet
4946,shoe skirt
4947,top_t-shirt_sweatshirt pants shoe
4948,top_t-shirt_sweatshirt
4949,top_t-shirt_sweatshirt skirt
4950,top_t-shirt_sweatshirt pants shirt_blouse
4951,
4952,top_t-shirt_sweatshirt pants shoe watch belt
4953,skirt
4954,pants shoe shirt_blouse
4955,
4956,pants shoe watch
4957,dress
4958,top_t-shirt_sweatshirt
4959,top_t-shirt_sweatshirt
4960,shoe dress
4961,top_t-shirt_sweatshirt skirt
4962,pants shoe shirt_blouse
4963,pants watch
4964,top_t-shirt_sweatshirt
4965,dress
4966,top_t-shirt_sweatshirt shoe shorts
4967,skirt
4968,top_t-shirt_sweatshirt shoe skirt
4969,
4970,jacket
4971,dress
4972,shorts
4973,
4974,skirt
4975,top_t-shirt_sweatshirt dress
4976,top_t-shirt_sweatshirt pants shoe
4977,pants
4978,pants shoe shirt_blouse jacket
4979,pants shoe
4980,top_t-shirt_sweatshirt
4981,
4982,top_t-shirt_sweatshirt pants shoe
4983,shorts
4984,pants
4985,top_t-shirt_sweatshirt pants bag_wallet belt
4986,pants shoe coat
4987,dress
4988,top_t-shirt_sweatshirt pants jacket glasses
4989,skirt
4990,
4991,shoe skirt
4992,top_t-shirt_sweatshirt skirt
4993,top_t-shirt_sweatshirt pants shoe belt
4994,dress
4995,top_t-shirt_sweatshirt pants shoe watch
4996,
4997,
4998,skirt shorts
4999,shoe skirt
5000,dress
5001,top_t-shirt_sweatshirt pants shoe
5002,top_t-shirt_sweatshirt pants shoe
5003,shoe dress
5004,top_t-shirt_sweatshirt pants watch
5005,top_t-shirt_sweatshirt
5006,shorts
5007,dress
5008,
5009,dress bag_wallet
5010,top_t-shirt_sweatshirt shoe dress skirt shirt_blouse
5011,pants shoe
5012,dress
5013,dress
5014,top_t-shirt_sweatshirt shoe skirt
5015,top_t-shirt_sweatshirt pants shoe bag_wallet
5016,
5017,
5018,
5019,top_t-shirt_sweatshirt
5020,top_t-shirt_sweatshirt skirt shirt_blouse
5021,pants shoe
5022,
5023,pants shoe watch
5024,top_t-shirt_sweatshirt dress skirt jacket
5025,top_t-shirt_sweatshirt pants shoe
5026,
5027,dress
5028,top_t-shirt_sweatshirt pants shoe
5029,pants
5030,dress
5031,dress
5032,pants belt
5033,
5034,pants shoe
5035,top_t-shirt_sweatshirt dress skirt jacket
5036,
5037,
5038,top_t-shirt_sweatshirt
5039,dress
5040,shoe skirt
5041,shoe skirt shirt_blouse bag_wallet
5042,top_t-shirt_sweatshirt pants shoe
5043,skirt
5044,top_t-shirt_sweatshirt pants
5045,top_t-shirt_sweatshirt skirt shorts
5046,dress
5047,top_t-shirt_sweatshirt shoe jacket
5048,shoe dress bag_wallet
5049,top_t-shirt_sweatshirt
5050,dress
5051,top_t-shirt_sweatshirt shoe skirt belt
5052,top_t-shirt_sweatshirt pants shoe shirt_blouse
5053,top_t-shirt_sweatshirt pants shoe
5054,dress
5055,top_t-shirt_sweatshirt
5056,top_t-shirt_sweatshirt pants
5057,top_t-shirt_sweatshirt pants belt
5058,top_t-shirt_sweatshirt
5059,top_t-shirt_sweatshirt
5060,top_t-shirt_sweatshirt shoe skirt
5061,top_t-shirt_sweatshirt
5062,top_t-shirt_sweatshirt pants watch
5063,dress
5064,top_t-shirt_sweatshirt dress belt
5065,top_t-shirt_sweatshirt
5066,top_t-shirt_sweatshirt pants shoe
5067,dress
5068,shoe dress
5069,pants shoe shirt_blouse watch
5070,pants shoe bag_wallet
5071,pants shoe belt
5072,dress bag_wallet
5073,dress
5074,pants shoe shirt_blouse
5075,top_t-shirt_sweatshirt
5076,top_t-shirt_sweatshirt pants
5077,shorts
5078,top_t-shirt_sweatshirt pants shoe
5079,dress
5080,pants jacket
5081,top_t-shirt_sweatshirt pants shoe belt
5082,top_t-shirt_sweatshirt
5083,top_t-shirt_sweatshirt
5084,top_t-shirt_sweatshirt
5085,top_t-shirt_sweatshirt shoe skirt
5086,top_t-shirt_sweatshirt shoe
5087,shorts
5088,top_t-shirt_sweatshirt skirt
5089,pants shoe shirt_blouse
5090,coat
5091,skirt shirt_blouse bag_wallet
5092,top_t-shirt_sweatshirt dress skirt jacket
5093,top_t-shirt_sweatshirt pants jacket glasses
5094,top_t-shirt_sweatshirt shoe dress
5095,top_t-shirt_sweatshirt shoe
5096,top_t-shirt_sweatshirt
5097,top_t-shirt_sweatshirt pants shoe
5098,top_t-shirt_sweatshirt shoe dress skirt
5099,dress skirt
5100,
5101,top_t-shirt_sweatshirt
5102,dress
5103,top_t-shirt_sweatshirt
5104,shoe skirt bag_wallet
5105,dress
5106,top_t-shirt_sweatshirt pants shoe
5107,pants shoe
5108,pants shoe shirt_blouse
5109,top_t-shirt_sweatshirt pants shoe
5110,dress
5111,dress
5112,pants jacket
5113,top_t-shirt_sweatshirt
5114,top_t-shirt_sweatshirt
5115,pants jacket
5116,top_t-shirt_sweatshirt
5117,top_t-shirt_sweatshirt dress
5118,top_t-shirt_sweatshirt dress shorts
5119,dress
5120,top_t-shirt_sweatshirt pants shoe
5121,dress
5122,top_t-shirt_sweatshirt skirt bag_wallet
5123,top_t-shirt_sweatshirt pants shoe watch belt
5124,top_t-shirt_sweatshirt
5125,dress
5126,top_t-shirt_sweatshirt shoe dress
5127,dress skirt jacket
5128,dress
5129,top_t-shirt_sweatshirt pants
5130,pants shoe shirt_blouse
5131,top_t-shirt_sweatshirt skirt
5132,shoe dress
5133,top_t-shirt_sweatshirt pants shoe belt
5134,dress
5135,
5136,top_t-shirt_sweatshirt dress
5137,
5138,top_t-shirt_sweatshirt shoe bag_wallet
5139,top_t-shirt_sweatshirt dress bag_wallet
5140,
5141,
5142,
5143,top_t-shirt_sweatshirt
5144,dress skirt jacket
5145,
5146,top_t-shirt_sweatshirt
5147,pants
5148,top_t-shirt_sweatshirt shoe skirt
5149,shorts
5150,top_t-shirt_sweatshirt
5151,top_t-shirt_sweatshirt
5152,top_t-shirt_sweatshirt hat
5153,pants shoe
5154,top_t-shirt_sweatshirt shoe bag_wallet
5155,dress
5156,top_t-shirt_sweatshirt pants shoe
5157,shoe dress hat
5158,top_t-shirt_sweatshirt pants skirt jacket
5159,dress watch
5160,skirt
5161,top_t-shirt_sweatshirt
5162,dress
5163,top_t-shirt_sweatshirt shoe skirt
5164,top_t-shirt_sweatshirt shoe skirt bag_wallet
5165,dress
5166,shoe dress skirt
5167,pants sweater
5168,shorts
5169,dress
5170,top_t-shirt_sweatshirt shoe
5171,top_t-shirt_sweatshirt pants shoe
5172,top_t-shirt_sweatshirt pants
5173,skirt
5174,top_t-shirt_sweatshirt shoe skirt bag_wallet
5175,top_t-shirt_sweatshirt pants shoe belt
5176,jacket
5177,top_t-shirt_sweatshirt pants shoe
5178,
5179,top_t-shirt_sweatshirt skirt
5180,shoe dress
5181,shoe dress
5182,
5183,top_t-shirt_sweatshirt pants shoe
5184,
5185,
5186,pants
5187,dress
5188,shoe dress
5189,dress
5190,top_t-shirt_sweatshirt pants shoe
5191,bag_wallet
5192,pants shoe
5193,top_t-shirt_sweatshirt
5194,top_t-shirt_sweatshirt pants shoe shirt_blouse watch
5195,top_t-shirt_sweatshirt dress
5196,top_t-shirt_sweatshirt
5197,
5198,
5199,shorts
5200,top_t-shirt_sweatshirt pants shoe
5201,
5202,shoe dress
5203,top_t-shirt_sweatshirt dress
5204,
5205,dress skirt bag_wallet
5206,top_t-shirt_sweatshirt pants shoe
5207,
5208,top_t-shirt_sweatshirt pants jacket glasses
5209,top_t-shirt_sweatshirt pants shoe
5210,pants shoe
5211,pants shoe
5212,
5213,top_t-shirt_sweatshirt pants shoe
5214,dress
5215,shorts
5216,pants shoe shirt_blouse jacket
5217,top_t-shirt_sweatshirt pants jacket glasses
5218,
5219,top_t-shirt_sweatshirt pants watch belt
5220,top_t-shirt_sweatshirt pants shoe
5221,pants shoe shirt_blouse watch
5222,top_t-shirt_sweatshirt pants shoe
5223,pants watch
5224,top_t-shirt_sweatshirt
5225,
5226,
5227,dress
5228,top_t-shirt_sweatshirt pants jacket
5229,dress
5230,shoe skirt
5231, hat
5232,top_t-shirt_sweatshirt dress skirt jacket
5233,
5234,top_t-shirt_sweatshirt
5235,top_t-shirt_sweatshirt pants shoe watch belt
5236,pants shoe
5237,pants shoe
5238,
5239,pants shoe
5240,top_t-shirt_sweatshirt
5241,top_t-shirt_sweatshirt pants shoe watch
5242,
5243,pants belt
5244,pants shoe shirt_blouse watch
5245,
5246,
5247,
5248,shoe dress skirt
5249,
5250,top_t-shirt_sweatshirt pants shoe
5251,top_t-shirt_sweatshirt pants shoe watch
5252,pants
5253,top_t-shirt_sweatshirt pants shoe
5254,top_t-shirt_sweatshirt
5255,pants shoe watch
5256,
5257,top_t-shirt_sweatshirt pants shoe
5258,
5259,dress
5260,top_t-shirt_sweatshirt pants shoe
5261,
5262,top_t-shirt_sweatshirt pants shoe
5263,
5264,top_t-shirt_sweatshirt shorts
5265,top_t-shirt_sweatshirt pants shoe
5266,top_t-shirt_sweatshirt
5267,
5268,pants belt
5269,pants belt
5270,top_t-shirt_sweatshirt dress skirt
5271,pants shoe shirt_blouse watch
5272,dress
5273,top_t-shirt_sweatshirt hat
5274,top_t-shirt_sweatshirt pants shoe
5275,
5276,top_t-shirt_sweatshirt pants shoe watch belt
5277,top_t-shirt_sweatshirt shoe dress
5278,top_t-shirt_sweatshirt
5279,skirt
5280,dress
5281,top_t-shirt_sweatshirt
5282,top_t-shirt_sweatshirt
5283,top_t-shirt_sweatshirt
5284,top_t-shirt_sweatshirt shoe shirt_blouse
5285,top_t-shirt_sweatshirt jacket
5286,jacket hat
5287,top_t-shirt_sweatshirt
5288,pants shoe
5289,shoe skirt
5290,pants shoe
5291,skirt shorts
5292,
5293,shirt_blouse belt
5294,pants shoe shirt_blouse watch
5295,top_t-shirt_sweatshirt watch sweater
5296,pants shoe shirt_blouse bag_wallet
5297,dress
5298,top_t-shirt_sweatshirt pants shoe
5299,top_t-shirt_sweatshirt skirt watch
5300,top_t-shirt_sweatshirt
5301,dress hat
5302,pants
5303,
5304,top_t-shirt_sweatshirt
5305,top_t-shirt_sweatshirt pants shoe dress
5306,dress
5307,top_t-shirt_sweatshirt pants shoe
5308,shorts
5309,pants
5310,top_t-shirt_sweatshirt bag_wallet
5311,dress
5312,top_t-shirt_sweatshirt dress
5313,top_t-shirt_sweatshirt hat
5314,top_t-shirt_sweatshirt
5315,top_t-shirt_sweatshirt pants jacket
5316,dress bag_wallet
5317,top_t-shirt_sweatshirt
5318,pants
5319,
5320,top_t-shirt_sweatshirt pants shoe watch
5321,top_t-shirt_sweatshirt pants shoe
5322,dress
5323,top_t-shirt_sweatshirt shoe skirt bag_wallet
5324,skirt
5325,top_t-shirt_sweatshirt pants shoe
5326,
5327,dress
5328,dress watch
5329,top_t-shirt_sweatshirt
5330,
5331,pants shoe
5332,top_t-shirt_sweatshirt dress skirt
5333,
5334,
5335,
5336,
5337,top_t-shirt_sweatshirt shoe skirt
5338,top_t-shirt_sweatshirt
5339,top_t-shirt_sweatshirt pants shoe shirt_blouse
5340,dress
5341,top_t-shirt_sweatshirt pants shoe
5342,
5343,pants shoe
5344,dress
5345,
5346,dress
5347,dress
5348,
5349,
5350,jacket
5351,
5352,top_t-shirt_sweatshirt
5353,
5354,top_t-shirt_sweatshirt pants shoe
5355,top_t-shirt_sweatshirt dress skirt jacket
5356,top_t-shirt_sweatshirt pants shoe
5357,top_t-shirt_sweatshirt pants shoe
5358,dress
5359,dress bag_wallet
5360,top_t-shirt_sweatshirt pants shoe watch
5361,
5362,shoe dress
5363,top_t-shirt_sweatshirt
5364,dress
5365,pants shoe shirt_blouse watch
5366,top_t-shirt_sweatshirt skirt bag_wallet
5367,shoe dress skirt
5368,top_t-shirt_sweatshirt jacket
5369,top_t-shirt_sweatshirt
5370,pants belt
5371,shorts
5372,shorts 
5373,pants
5374,pants shoe watch
5375,
5376,pants shoe shirt_blouse watch
5377,top_t-shirt_sweatshirt pants shoe belt
5378,shoe
5379,pants
5380,top_t-shirt_sweatshirt shoe
5381,top_t-shirt_sweatshirt pants shoe
5382,top_t-shirt_sweatshirt pants shoe
5383,top_t-shirt_sweatshirt
5384,top_t-shirt_sweatshirt pants glasses
5385,watch jacket cardigan
5386,shirt_blouse
5387,pants belt
5388,shoe skirt
5389,shorts
5390,
5391,shorts bag_wallet
5392,top_t-shirt_sweatshirt
5393,top_t-shirt_sweatshirt pants shoe
5394,
5395,dress
5396,
5397,top_t-shirt_sweatshirt pants shoe
5398,pants shoe shirt_blouse
5399,top_t-shirt_sweatshirt
5400,top_t-shirt_sweatshirt glasses
5401,top_t-shirt_sweatshirt pants shoe
5402,dress headband_head-covering_hair-accessory
5403,dress
5404,
5405,pants shoe watch
5406,
5407,pants shoe
5408,shoe
5409,
5410,shorts
5411,top_t-shirt_sweatshirt bag_wallet
5412,top_t-shirt_sweatshirt pants coat
5413,top_t-shirt_sweatshirt
5414,top_t-shirt_sweatshirt
5415,top_t-shirt_sweatshirt pants shoe
5416,top_t-shirt_sweatshirt pants
5417,dress
5418,top_t-shirt_sweatshirt
5419,shoe dress
5420,
5421,
5422,top_t-shirt_sweatshirt pants shoe
5423,
5424,pants shoe
5425,top_t-shirt_sweatshirt
5426,top_t-shirt_sweatshirt pants shoe watch belt
5427,dress jacket
5428,
5429,top_t-shirt_sweatshirt dress watch jacket glasses
5430,shoe
5431,top_t-shirt_sweatshirt
5432,dress
5433,
5434,top_t-shirt_sweatshirt
5435,top_t-shirt_sweatshirt dress skirt jacket
5436,skirt bag_wallet belt
5437,pants shoe shirt_blouse
5438,
5439,
5440,top_t-shirt_sweatshirt
5441,
5442,dress
5443,top_t-shirt_sweatshirt pants shoe
5444,shorts
5445,top_t-shirt_sweatshirt shoe skirt
5446,pants shoe
5447,top_t-shirt_sweatshirt
5448,top_t-shirt_sweatshirt
5449,
5450,skirt
5451,top_t-shirt_sweatshirt pants shoe jacket
5452,top_t-shirt_sweatshirt
5453,top_t-shirt_sweatshirt pants shoe
5454,dress bag_wallet
5455,top_t-shirt_sweatshirt
5456,top_t-shirt_sweatshirt shoe
5457,pants shoe shirt_blouse belt
5458,shoe skirt
5459,
5460,shirt_blouse
5461,top_t-shirt_sweatshirt pants dress jacket
5462,pants shoe shirt_blouse
5463,dress
5464,pants
5465,watch
5466,top_t-shirt_sweatshirt skirt coat
5467,top_t-shirt_sweatshirt
5468,shorts
5469,top_t-shirt_sweatshirt watch bag_wallet jacket
5470,pants
5471,pants shoe shirt_blouse watch
5472,top_t-shirt_sweatshirt
5473,pants shoe
5474,dress
5475,top_t-shirt_sweatshirt pants jacket glasses
5476,top_t-shirt_sweatshirt pants shoe
5477,shoe watch
5478,top_t-shirt_sweatshirt
5479,top_t-shirt_sweatshirt
5480,top_t-shirt_sweatshirt
5481,shorts
5482,top_t-shirt_sweatshirt pants shoe
5483,top_t-shirt_sweatshirt pants shoe
5484,top_t-shirt_sweatshirt
5485,dress belt
5486,top_t-shirt_sweatshirt
5487,top_t-shirt_sweatshirt
5488,top_t-shirt_sweatshirt
5489,top_t-shirt_sweatshirt shoe skirt
5490,pants
5491,pants shoe shirt_blouse
5492,top_t-shirt_sweatshirt
5493,pants
5494,top_t-shirt_sweatshirt shorts
5495,top_t-shirt_sweatshirt pants shoe
5496,pants shoe shirt_blouse
5497,dress
5498,
5499,
5500,coat
5501,
5502,
5503,top_t-shirt_sweatshirt pants shoe
5504,
5505,top_t-shirt_sweatshirt
5506,dress
5507,top_t-shirt_sweatshirt
5508,skirt
5509,shorts
5510,skirt shorts
5511,top_t-shirt_sweatshirt dress jacket
5512,shoe shirt_blouse
5513,
5514,top_t-shirt_sweatshirt pants jacket
5515,jacket
5516,dress
5517,dress
5518,top_t-shirt_sweatshirt pants shoe watch
5519,dress bag_wallet
5520,shoe skirt
5521,top_t-shirt_sweatshirt dress
5522,top_t-shirt_sweatshirt pants shoe watch
5523,
5524,top_t-shirt_sweatshirt skirt
5525,top_t-shirt_sweatshirt pants shoe
5526,dress
5527,top_t-shirt_sweatshirt
5528,shirt_blouse
5529,top_t-shirt_sweatshirt pants
5530,skirt
5531,dress
5532,top_t-shirt_sweatshirt pants shoe
5533,dress
5534,top_t-shirt_sweatshirt
5535,top_t-shirt_sweatshirt shoe
5536,
5537,top_t-shirt_sweatshirt pants shoe
5538,dress
5539,
5540,top_t-shirt_sweatshirt skirt
5541,top_t-shirt_sweatshirt 
5542,top_t-shirt_sweatshirt skirt watch bag_wallet belt
5543,pants
5544,jacket
5545,top_t-shirt_sweatshirt
5546,
5547,shoe dress
5548,top_t-shirt_sweatshirt skirt
5549,top_t-shirt_sweatshirt
5550,
5551,coat
5552,top_t-shirt_sweatshirt pants shirt_blouse
5553,top_t-shirt_sweatshirt shoe skirt
5554,
5555,top_t-shirt_sweatshirt shoe
5556,dress
5557,top_t-shirt_sweatshirt
5558,top_t-shirt_sweatshirt shorts
5559,shoe
5560,shorts
5561,top_t-shirt_sweatshirt pants shoe
5562,top_t-shirt_sweatshirt skirt bag_wallet
5563,top_t-shirt_sweatshirt pants shoe
5564,top_t-shirt_sweatshirt pants
5565,skirt
5566,top_t-shirt_sweatshirt pants shoe
5567,top_t-shirt_sweatshirt
5568,shoe
5569,
5570,
5571,pants shoe
5572,pants shoe
5573,top_t-shirt_sweatshirt shoe
5574,skirt
5575,shoe dress
5576,top_t-shirt_sweatshirt shoe skirt
5577,top_t-shirt_sweatshirt shoe skirt
5578,
5579,shorts
5580,dress
5581,
5582,top_t-shirt_sweatshirt pants shoe
5583,pants
5584,pants jacket
5585,top_t-shirt_sweatshirt
5586,top_t-shirt_sweatshirt skirt
5587,pants belt
5588,dress
5589,top_t-shirt_sweatshirt shoe dress skirt
5590,top_t-shirt_sweatshirt
5591,dress
5592,top_t-shirt_sweatshirt
5593,shoe dress
5594,top_t-shirt_sweatshirt pants belt hat
5595,pants shoe shirt_blouse
5596,top_t-shirt_sweatshirt
5597,skirt belt
5598,top_t-shirt_sweatshirt pants shoe
5599,skirt shorts
5600,pants shoe hat
5601,top_t-shirt_sweatshirt pants shoe watch belt
5602,top_t-shirt_sweatshirt pants shoe
5603,top_t-shirt_sweatshirt pants shoe
5604,pants shoe
5605,top_t-shirt_sweatshirt pants shoe watch belt
5606,dress
5607,pants belt
5608,top_t-shirt_sweatshirt
5609,
5610,dress shorts
5611,top_t-shirt_sweatshirt shoe skirt
5612,shorts
5613,top_t-shirt_sweatshirt dress
5614,skirt shorts
5615,pants shoe shirt_blouse watch
5616,pants
5617,top_t-shirt_sweatshirt shoe
5618,top_t-shirt_sweatshirt jacket
5619,dress
5620,top_t-shirt_sweatshirt shoe
5621,top_t-shirt_sweatshirt pants shoe
5622,top_t-shirt_sweatshirt pants shoe
5623,shorts
5624,dress
5625,dress bag_wallet
5626,shorts
5627,
5628,top_t-shirt_sweatshirt dress
5629,pants shoe shirt_blouse watch
5630,top_t-shirt_sweatshirt skirt shorts bag_wallet
5631,dress shorts
5632,top_t-shirt_sweatshirt
5633,pants shoe
5634,shorts
5635,top_t-shirt_sweatshirt
5636,top_t-shirt_sweatshirt
5637,skirt
5638,top_t-shirt_sweatshirt
5639,
5640,top_t-shirt_sweatshirt
5641,top_t-shirt_sweatshirt shoe bag_wallet
5642,top_t-shirt_sweatshirt shoe skirt
5643,jacket
5644,top_t-shirt_sweatshirt skirt belt
5645,top_t-shirt_sweatshirt pants shoe
5646,shoe dress skirt bag_wallet
5647,pants shoe
5648,top_t-shirt_sweatshirt shoe dress skirt
5649,pants
5650,top_t-shirt_sweatshirt shoe dress
5651,top_t-shirt_sweatshirt
5652,
5653,dress jacket
5654,top_t-shirt_sweatshirt watch
5655,pants shoe dress
5656,pants shoe watch
5657,
5658,top_t-shirt_sweatshirt shoe
5659,top_t-shirt_sweatshirt
5660,top_t-shirt_sweatshirt
5661,pants shoe shirt_blouse
5662,dress
5663,pants
5664,shoe dress
5665,pants shoe bag_wallet
5666,top_t-shirt_sweatshirt
5667,dress skirt jacket
5668,top_t-shirt_sweatshirt pants shoe
5669,top_t-shirt_sweatshirt
5670,
5671,top_t-shirt_sweatshirt shoe skirt
5672,top_t-shirt_sweatshirt skirt
5673,pants shoe shirt_blouse
5674,shorts
5675,top_t-shirt_sweatshirt shoe
5676,dress
5677,top_t-shirt_sweatshirt
5678,pants belt
5679,top_t-shirt_sweatshirt pants skirt jacket
5680,hat
5681,shorts
5682,
5683,top_t-shirt_sweatshirt
5684,dress
5685,top_t-shirt_sweatshirt pants shoe
5686,skirt
5687,pants
5688,pants shoe shirt_blouse
5689,top_t-shirt_sweatshirt pants shoe
5690,top_t-shirt_sweatshirt pants
5691,pants shoe bag_wallet
5692,top_t-shirt_sweatshirt shoe
5693,shoe skirt
5694,top_t-shirt_sweatshirt
5695,dress
5696,dress
5697,top_t-shirt_sweatshirt
5698,top_t-shirt_sweatshirt pants shoe belt
5699,pants sweater
5700,top_t-shirt_sweatshirt
5701,bag_wallet
5702,top_t-shirt_sweatshirt pants shoe
5703,top_t-shirt_sweatshirt
5704,top_t-shirt_sweatshirt pants shoe
5705,top_t-shirt_sweatshirt pants shoe watch
5706,top_t-shirt_sweatshirt shoe skirt
5707,dress
5708,top_t-shirt_sweatshirt dress hat
5709,top_t-shirt_sweatshirt pants watch
5710,top_t-shirt_sweatshirt
5711,top_t-shirt_sweatshirt pants shoe dress
5712,top_t-shirt_sweatshirt
5713,pants shorts
5714,top_t-shirt_sweatshirt shoe skirt
5715,top_t-shirt_sweatshirt
5716,watch glasses
5717,dress
5718,top_t-shirt_sweatshirt
5719,pants
5720,pants
5721,pants shoe shirt_blouse watch
5722,top_t-shirt_sweatshirt hat
5723,pants
5724,dress
5725,
5726,top_t-shirt_sweatshirt shoe skirt bag_wallet
5727,skirt watch bag_wallet
5728,top_t-shirt_sweatshirt dress jacket glasses
5729,top_t-shirt_sweatshirt
5730,top_t-shirt_sweatshirt jacket
5731,top_t-shirt_sweatshirt 
5732,pants
5733,top_t-shirt_sweatshirt
5734,shorts
5735,top_t-shirt_sweatshirt shoe skirt bag_wallet
5736,top_t-shirt_sweatshirt pants shoe bag_wallet
5737,shoe dress
5738,top_t-shirt_sweatshirt pants shoe watch
5739,dress belt
5740,top_t-shirt_sweatshirt pants jacket
5741,dress
5742,dress
5743,pants shoe watch
5744,skirt shirt_blouse jacket
5745,pants shoe shirt_blouse
5746,
5747,top_t-shirt_sweatshirt watch
5748,top_t-shirt_sweatshirt pants jacket
5749,shorts
5750,dress
5751,
5752,shoe skirt shirt_blouse
5753,shoe dress
5754,top_t-shirt_sweatshirt skirt
5755,top_t-shirt_sweatshirt dress skirt jacket glasses
5756,top_t-shirt_sweatshirt pants shoe
5757,top_t-shirt_sweatshirt
5758,top_t-shirt_sweatshirt pants shoe belt
5759,top_t-shirt_sweatshirt jacket
5760,pants belt
5761,top_t-shirt_sweatshirt sweater
5762,top_t-shirt_sweatshirt pants shoe belt
5763,top_t-shirt_sweatshirt bag_wallet
5764,top_t-shirt_sweatshirt 
5765,top_t-shirt_sweatshirt pants shoe
5766,top_t-shirt_sweatshirt
5767,top_t-shirt_sweatshirt pants skirt jacket belt
5768,top_t-shirt_sweatshirt dress hat
5769,pants belt
5770,shorts
5771,pants shoe
5772,top_t-shirt_sweatshirt bag_wallet hat
5773,top_t-shirt_sweatshirt pants shoe bag_wallet
5774,dress headband_head-covering_hair-accessory
5775,shoe dress
5776,pants shoe shorts bag_wallet
5777,top_t-shirt_sweatshirt pants shoe belt
5778,top_t-shirt_sweatshirt pants shoe bag_wallet
5779,top_t-shirt_sweatshirt dress watch sweater
5780,pants shoe
5781,dress
5782,shoe dress
5783,top_t-shirt_sweatshirt pants shoe shirt_blouse
5784,top_t-shirt_sweatshirt dress skirt jacket
5785,top_t-shirt_sweatshirt pants shoe
5786,dress
5787,top_t-shirt_sweatshirt
5788,jacket
5789,top_t-shirt_sweatshirt skirt
5790,
5791,shoe dress
5792,top_t-shirt_sweatshirt dress bag_wallet
5793,top_t-shirt_sweatshirt dress skirt jacket
5794,dress
5795,top_t-shirt_sweatshirt shoe skirt
5796,pants shoe
5797,top_t-shirt_sweatshirt pants shoe
5798,pants shoe
5799,dress skirt
5800,dress
5801,dress
5802,top_t-shirt_sweatshirt
5803,dress
5804,top_t-shirt_sweatshirt
5805,top_t-shirt_sweatshirt pants shoe
5806,shoe dress
5807,dress
5808,top_t-shirt_sweatshirt pants
5809,dress
5810,top_t-shirt_sweatshirt
5811,pants
5812,pants
5813,shoe dress
5814,dress
5815,
5816,
5817,
5818,top_t-shirt_sweatshirt pants shoe watch
5819,shorts
5820,dress
5821,top_t-shirt_sweatshirt
5822,pants shoe
5823,top_t-shirt_sweatshirt shoe
5824,top_t-shirt_sweatshirt jacket belt
5825,top_t-shirt_sweatshirt
5826,top_t-shirt_sweatshirt
5827,top_t-shirt_sweatshirt shoe shorts headband_head-covering_hair-accessory
5828,
5829,pants
5830,top_t-shirt_sweatshirt bag_wallet belt
5831,shoe skirt
5832,dress hat
5833,pants
5834,pants shoe watch
5835,shorts
5836,top_t-shirt_sweatshirt pants shoe bag_wallet
5837,
5838,top_t-shirt_sweatshirt
5839,dress
5840,top_t-shirt_sweatshirt
5841,top_t-shirt_sweatshirt dress skirt
5842,pants shoe
5843,skirt
5844,
5845,
5846,top_t-shirt_sweatshirt pants shoe
5847,top_t-shirt_sweatshirt pants shoe
5848,shorts
5849,top_t-shirt_sweatshirt skirt jacket
5850,top_t-shirt_sweatshirt
5851,dress skirt jacket
5852,top_t-shirt_sweatshirt pants shoe watch
5853,top_t-shirt_sweatshirt pants shorts belt
5854,top_t-shirt_sweatshirt
5855,dress
5856,shorts
5857,top_t-shirt_sweatshirt pants jacket
5858,top_t-shirt_sweatshirt pants shoe
5859,pants shoe dress
5860,pants shoe shirt_blouse
5861,
5862,top_t-shirt_sweatshirt
5863,pants shoe
5864,shorts
5865,pants
5866,
5867,top_t-shirt_sweatshirt
5868,shorts
5869,top_t-shirt_sweatshirt
5870,
5871,shoe dress
5872,
5873,shorts
5874,top_t-shirt_sweatshirt
5875,pants shoe shirt_blouse
5876,top_t-shirt_sweatshirt pants bag_wallet
5877,pants shoe dress coat
5878,top_t-shirt_sweatshirt pants shoe
5879,dress
5880,
5881,shorts
5882,pants belt
5883,top_t-shirt_sweatshirt
5884,top_t-shirt_sweatshirt
5885,dress
5886,dress jacket
5887,pants shoe shirt_blouse watch
5888,top_t-shirt_sweatshirt watch belt
5889,
5890,pants shoe skirt
5891,top_t-shirt_sweatshirt
5892,dress bag_wallet
5893,top_t-shirt_sweatshirt skirt belt
5894,pants shoe shirt_blouse watch
5895,top_t-shirt_sweatshirt pants shoe
5896,shorts belt 
5897,top_t-shirt_sweatshirt
5898,top_t-shirt_sweatshirt
5899,
5900,top_t-shirt_sweatshirt pants shoe
5901,top_t-shirt_sweatshirt pants
5902,dress
5903,pants bag_wallet coat
5904,top_t-shirt_sweatshirt shoe skirt
5905,top_t-shirt_sweatshirt pants shoe shirt_blouse watch
5906,watch
5907,shorts
5908,top_t-shirt_sweatshirt watch bag_wallet glasses
5909,shoe dress
5910,top_t-shirt_sweatshirt
5911,
5912,dress skirt
5913,dress
5914,
5915,dress
5916,top_t-shirt_sweatshirt
5917,top_t-shirt_sweatshirt coat
5918,dress
5919,
5920,pants
5921,shirt_blouse
5922,dress
5923,dress
5924,top_t-shirt_sweatshirt pants shoe watch belt
5925,top_t-shirt_sweatshirt pants shoe
5926,
5927,pants
5928,top_t-shirt_sweatshirt watch
5929,top_t-shirt_sweatshirt
5930,dress
5931,top_t-shirt_sweatshirt
5932,pants
5933,top_t-shirt_sweatshirt dress skirt jacket
5934,top_t-shirt_sweatshirt shorts
5935,shoe dress skirt
5936,top_t-shirt_sweatshirt pants shoe skirt
5937,shorts
5938,top_t-shirt_sweatshirt pants shoe
5939,
5940,top_t-shirt_sweatshirt
5941,top_t-shirt_sweatshirt
5942,
5943,top_t-shirt_sweatshirt pants shoe
5944,top_t-shirt_sweatshirt pants watch
5945,top_t-shirt_sweatshirt pants shoe
5946,top_t-shirt_sweatshirt
5947,top_t-shirt_sweatshirt pants shoe watch
5948,pants shoe watch
5949,shoe dress
5950,top_t-shirt_sweatshirt pants hat
5951,top_t-shirt_sweatshirt pants shoe watch
5952,top_t-shirt_sweatshirt shirt_blouse jacket
5953,pants shoe
5954,shorts
5955,cardigan
5956,
5957,pants shoe
5958,pants jacket
5959,top_t-shirt_sweatshirt coat
5960,dress
5961,top_t-shirt_sweatshirt shoe skirt
5962,top_t-shirt_sweatshirt pants shoe shirt_blouse
5963,top_t-shirt_sweatshirt pants
5964,top_t-shirt_sweatshirt
5965,pants
5966,
5967,shoe dress bag_wallet
5968,dress shorts
5969,dress
5970,dress
5971,pants shoe shirt_blouse
5972,
5973,top_t-shirt_sweatshirt pants shoe
5974,top_t-shirt_sweatshirt shoe skirt
5975,dress
5976,top_t-shirt_sweatshirt shoe skirt
5977,pants shoe dress
5978,dress
5979,top_t-shirt_sweatshirt dress glasses
5980,top_t-shirt_sweatshirt
5981,top_t-shirt_sweatshirt shorts
5982,top_t-shirt_sweatshirt skirt coat
5983,top_t-shirt_sweatshirt
5984,top_t-shirt_sweatshirt
5985,top_t-shirt_sweatshirt pants shoe
5986,top_t-shirt_sweatshirt dress skirt jacket
5987,top_t-shirt_sweatshirt pants shoe
5988,dress
5989,pants shoe shirt_blouse
5990,top_t-shirt_sweatshirt skirt
5991,top_t-shirt_sweatshirt shorts
5992,top_t-shirt_sweatshirt pants shoe bag_wallet
5993,pants
5994,top_t-shirt_sweatshirt pants skirt bag_wallet
5995,
5996,pants
5997,top_t-shirt_sweatshirt skirt jacket
5998,pants shoe dress coat
5999,
6000,
6001,
6002,pants shoe watch
6003,top_t-shirt_sweatshirt shorts
6004,dress
6005,
6006,
6007,pants
6008,
6009,dress
6010,
6011,top_t-shirt_sweatshirt dress
6012,shoe dress
6013,pants shoe shirt_blouse
6014,top_t-shirt_sweatshirt
6015,pants shoe coat
6016,top_t-shirt_sweatshirt pants jacket
6017,dress headband_head-covering_hair-accessory
6018,top_t-shirt_sweatshirt pants shoe
6019,pants shoe
6020,top_t-shirt_sweatshirt pants shoe
6021,top_t-shirt_sweatshirt pants shoe watch
6022,dress glasses
6023,pants shoe shirt_blouse
6024,
6025,pants shoe dress
6026,pants shoe shirt_blouse watch
6027,pants shoe shirt_blouse
6028,top_t-shirt_sweatshirt skirt shirt_blouse
6029,top_t-shirt_sweatshirt pants jacket
6030,
6031,top_t-shirt_sweatshirt skirt jacket
6032,top_t-shirt_sweatshirt
6033,shirt_blouse
6034,shorts
6035,top_t-shirt_sweatshirt shoe
6036,dress
6037,belt
6038,dress
6039,
6040,top_t-shirt_sweatshirt pants shoe
6041,top_t-shirt_sweatshirt skirt bag_wallet
6042,top_t-shirt_sweatshirt pants
6043,shoe dress
6044,top_t-shirt_sweatshirt
6045,top_t-shirt_sweatshirt pants shoe shirt_blouse watch
6046,
6047,pants shoe
6048,dress
6049,top_t-shirt_sweatshirt
6050,shorts
6051,top_t-shirt_sweatshirt shoe dress skirt
6052,top_t-shirt_sweatshirt pants shoe
6053,top_t-shirt_sweatshirt dress skirt watch
6054,top_t-shirt_sweatshirt pants shoe watch
6055,shoe dress bag_wallet
6056,
6057,dress
6058,top_t-shirt_sweatshirt skirt bag_wallet
6059,pants dress
6060,top_t-shirt_sweatshirt dress skirt jacket
6061,top_t-shirt_sweatshirt pants shoe
6062,top_t-shirt_sweatshirt shorts watch
6063,pants shoe hat
6064,top_t-shirt_sweatshirt shorts glasses
6065,dress
6066,top_t-shirt_sweatshirt dress skirt watch
6067,top_t-shirt_sweatshirt shoe skirt
6068,skirt shirt_blouse jacket
6069,top_t-shirt_sweatshirt pants shoe watch
6070,dress
6071,top_t-shirt_sweatshirt pants shoe
6072,top_t-shirt_sweatshirt
6073,top_t-shirt_sweatshirt pants shoe
6074,top_t-shirt_sweatshirt pants
6075,top_t-shirt_sweatshirt shorts
6076,shoe dress skirt bag_wallet hat glasses
6077,skirt
6078,top_t-shirt_sweatshirt pants jacket coat
6079,top_t-shirt_sweatshirt pants shoe belt
6080,pants shoe
6081,shoe dress
6082,
6083,top_t-shirt_sweatshirt
6084,dress
6085,top_t-shirt_sweatshirt
6086,top_t-shirt_sweatshirt
6087,top_t-shirt_sweatshirt
6088,shoe coat
6089,top_t-shirt_sweatshirt bag_wallet jacket belt glasses
6090,pants jacket
6091,
6092,pants
6093,pants shoe shirt_blouse
6094,top_t-shirt_sweatshirt pants hat glasses
6095,top_t-shirt_sweatshirt
6096,pants shoe shirt_blouse
6097,
6098,
6099,top_t-shirt_sweatshirt pants shoe
6100,shorts
6101,dress
6102,top_t-shirt_sweatshirt
6103,pants
6104,top_t-shirt_sweatshirt hat
6105,dress
6106,dress
6107,top_t-shirt_sweatshirt pants shoe belt
6108,top_t-shirt_sweatshirt
6109,top_t-shirt_sweatshirt shoe dress
6110,skirt
6111,shoe dress
6112,top_t-shirt_sweatshirt pants shoe
6113,bag_wallet
6114,top_t-shirt_sweatshirt dress watch jacket glasses
6115,top_t-shirt_sweatshirt dress skirt jacket
6116,dress shorts
6117,dress
6118,top_t-shirt_sweatshirt
6119,shorts
6120,top_t-shirt_sweatshirt pants shoe belt
6121,shorts
6122,top_t-shirt_sweatshirt pants shoe watch
6123,top_t-shirt_sweatshirt pants shoe
6124,shoe
6125,top_t-shirt_sweatshirt
6126,
6127,top_t-shirt_sweatshirt
6128,top_t-shirt_sweatshirt pants shoe
6129,top_t-shirt_sweatshirt pants shoe hat
6130,
6131,dress
6132,top_t-shirt_sweatshirt
6133,shorts
6134,skirt
6135,pants shoe belt
6136,top_t-shirt_sweatshirt shoe skirt
6137,top_t-shirt_sweatshirt jacket hat
6138,top_t-shirt_sweatshirt
6139,dress
6140,top_t-shirt_sweatshirt 
6141,top_t-shirt_sweatshirt
6142,top_t-shirt_sweatshirt shorts watch
6143,dress bag_wallet
6144,dress
6145,top_t-shirt_sweatshirt
6146,shorts
6147,dress
6148,dress
6149,pants belt
6150,skirt
6151,top_t-shirt_sweatshirt
6152,top_t-shirt_sweatshirt
6153,top_t-shirt_sweatshirt pants shoe
6154,shoe skirt
6155,top_t-shirt_sweatshirt
6156,pants
6157,top_t-shirt_sweatshirt
6158,
6159,top_t-shirt_sweatshirt pants shoe
6160,
6161,top_t-shirt_sweatshirt skirt jacket
6162,shoe dress
6163,shoe dress skirt
6164,
6165,top_t-shirt_sweatshirt pants shoe watch
6166,
6167,skirt jacket
6168,
6169,top_t-shirt_sweatshirt pants watch jacket
6170,top_t-shirt_sweatshirt shorts
6171,
6172,pants
6173,top_t-shirt_sweatshirt skirt shorts glasses
6174,skirt jacket
6175,top_t-shirt_sweatshirt
6176,skirt shirt_blouse
6177,top_t-shirt_sweatshirt
6178,shorts
6179,top_t-shirt_sweatshirt
6180,top_t-shirt_sweatshirt pants shoe belt
6181,top_t-shirt_sweatshirt
6182,
6183,pants shoe shirt_blouse watch
6184,top_t-shirt_sweatshirt pants shoe hat
6185,top_t-shirt_sweatshirt shoe skirt
6186,skirt
6187,top_t-shirt_sweatshirt pants bag_wallet
6188,top_t-shirt_sweatshirt shorts
6189,bag_wallet coat
6190,shorts
6191,top_t-shirt_sweatshirt dress
6192,dress
6193,dress skirt jacket
6194,top_t-shirt_sweatshirt
6195,top_t-shirt_sweatshirt pants jacket belt glasses
6196,shoe dress bag_wallet
6197,top_t-shirt_sweatshirt pants shoe
6198,top_t-shirt_sweatshirt dress
6199,pants shoe shirt_blouse
6200,top_t-shirt_sweatshirt
6201,pants shoe
6202,pants
6203,top_t-shirt_sweatshirt
6204,top_t-shirt_sweatshirt dress jacket
6205,
6206,top_t-shirt_sweatshirt
6207,top_t-shirt_sweatshirt
6208,top_t-shirt_sweatshirt pants shoe watch
6209,dress
