id,cloth_type
4705,top_t-shirt_sweatshirt
4706,top_t-shirt_sweatshirt
4707,top_t-shirt_sweatshirt
4708,top_t-shirt_sweatshirt
4709,top_t-shirt_sweatshirt
4710,top_t-shirt_sweatshirt
4711,top_t-shirt_sweatshirt
4712,top_t-shirt_sweatshirt
4713,top_t-shirt_sweatshirt
4714,top_t-shirt_sweatshirt
4715,top_t-shirt_sweatshirt
4716,top_t-shirt_sweatshirt
4717,top_t-shirt_sweatshirt
4718,top_t-shirt_sweatshirt
4719,top_t-shirt_sweatshirt
4720,top_t-shirt_sweatshirt
4721,top_t-shirt_sweatshirt
4722,top_t-shirt_sweatshirt
4723,top_t-shirt_sweatshirt
4724,top_t-shirt_sweatshirt
4725,top_t-shirt_sweatshirt
4726,top_t-shirt_sweatshirt
4727,top_t-shirt_sweatshirt
4728,top_t-shirt_sweatshirt
4729,top_t-shirt_sweatshirt
4730,top_t-shirt_sweatshirt
4731,top_t-shirt_sweatshirt
4732,top_t-shirt_sweatshirt
4733,top_t-shirt_sweatshirt
4734,top_t-shirt_sweatshirt
4735,top_t-shirt_sweatshirt
4736,top_t-shirt_sweatshirt
4737,top_t-shirt_sweatshirt
4738,top_t-shirt_sweatshirt
4739,top_t-shirt_sweatshirt
4740,top_t-shirt_sweatshirt
4741,top_t-shirt_sweatshirt
4742,top_t-shirt_sweatshirt
4743,top_t-shirt_sweatshirt
4744,top_t-shirt_sweatshirt
4745,top_t-shirt_sweatshirt
4746,top_t-shirt_sweatshirt
4747,top_t-shirt_sweatshirt
4748,top_t-shirt_sweatshirt
4749,top_t-shirt_sweatshirt
4750,top_t-shirt_sweatshirt
4751,top_t-shirt_sweatshirt
4752,top_t-shirt_sweatshirt
4753,top_t-shirt_sweatshirt
4754,top_t-shirt_sweatshirt
4755,top_t-shirt_sweatshirt
4756,top_t-shirt_sweatshirt
4757,top_t-shirt_sweatshirt
4758,top_t-shirt_sweatshirt
4759,top_t-shirt_sweatshirt
4760,top_t-shirt_sweatshirt
4761,top_t-shirt_sweatshirt
4762,top_t-shirt_sweatshirt
4763,top_t-shirt_sweatshirt
4764,top_t-shirt_sweatshirt
4765,top_t-shirt_sweatshirt
4766,top_t-shirt_sweatshirt
4767,top_t-shirt_sweatshirt
4768,top_t-shirt_sweatshirt
4769,top_t-shirt_sweatshirt
4770,top_t-shirt_sweatshirt
4771,top_t-shirt_sweatshirt
4772,top_t-shirt_sweatshirt
4773,top_t-shirt_sweatshirt
4774,top_t-shirt_sweatshirt
4775,top_t-shirt_sweatshirt
4776,top_t-shirt_sweatshirt
4777,top_t-shirt_sweatshirt
4778,top_t-shirt_sweatshirt
4779,top_t-shirt_sweatshirt
4780,top_t-shirt_sweatshirt
4781,top_t-shirt_sweatshirt
4782,top_t-shirt_sweatshirt
4783,top_t-shirt_sweatshirt
4784,top_t-shirt_sweatshirt
4785,top_t-shirt_sweatshirt
4786,top_t-shirt_sweatshirt
4787,top_t-shirt_sweatshirt
4788,top_t-shirt_sweatshirt
4789,top_t-shirt_sweatshirt
4790,top_t-shirt_sweatshirt
4791,top_t-shirt_sweatshirt
4792,top_t-shirt_sweatshirt
4793,top_t-shirt_sweatshirt
4794,top_t-shirt_sweatshirt
4795,top_t-shirt_sweatshirt
4796,top_t-shirt_sweatshirt
4797,top_t-shirt_sweatshirt
4798,top_t-shirt_sweatshirt
4799,top_t-shirt_sweatshirt
4800,top_t-shirt_sweatshirt
4801,top_t-shirt_sweatshirt
4802,top_t-shirt_sweatshirt
4803,top_t-shirt_sweatshirt
4804,top_t-shirt_sweatshirt
4805,top_t-shirt_sweatshirt
4806,top_t-shirt_sweatshirt
4807,top_t-shirt_sweatshirt
4808,top_t-shirt_sweatshirt
4809,top_t-shirt_sweatshirt
4810,top_t-shirt_sweatshirt
4811,top_t-shirt_sweatshirt
4812,top_t-shirt_sweatshirt
4813,top_t-shirt_sweatshirt
4814,top_t-shirt_sweatshirt
4815,top_t-shirt_sweatshirt
4816,top_t-shirt_sweatshirt
4817,top_t-shirt_sweatshirt
4818,top_t-shirt_sweatshirt
4819,top_t-shirt_sweatshirt
4820,top_t-shirt_sweatshirt
4821,top_t-shirt_sweatshirt
4822,top_t-shirt_sweatshirt
4823,top_t-shirt_sweatshirt
4824,top_t-shirt_sweatshirt
4825,top_t-shirt_sweatshirt
4826,top_t-shirt_sweatshirt
4827,top_t-shirt_sweatshirt
4828,top_t-shirt_sweatshirt
4829,top_t-shirt_sweatshirt
4830,top_t-shirt_sweatshirt
4831,top_t-shirt_sweatshirt
4832,top_t-shirt_sweatshirt
4833,top_t-shirt_sweatshirt
4834,top_t-shirt_sweatshirt
4835,top_t-shirt_sweatshirt
4836,top_t-shirt_sweatshirt
4837,top_t-shirt_sweatshirt
4838,top_t-shirt_sweatshirt
4839,top_t-shirt_sweatshirt
4840,top_t-shirt_sweatshirt
4841,top_t-shirt_sweatshirt
4842,top_t-shirt_sweatshirt
4843,top_t-shirt_sweatshirt
4844,top_t-shirt_sweatshirt
4845,top_t-shirt_sweatshirt
4846,top_t-shirt_sweatshirt
4847,top_t-shirt_sweatshirt
4848,top_t-shirt_sweatshirt
4849,top_t-shirt_sweatshirt
4850,top_t-shirt_sweatshirt
4851,top_t-shirt_sweatshirt
4852,top_t-shirt_sweatshirt
4853,top_t-shirt_sweatshirt
4854,top_t-shirt_sweatshirt
4855,top_t-shirt_sweatshirt
4856,top_t-shirt_sweatshirt
4857,top_t-shirt_sweatshirt
4858,top_t-shirt_sweatshirt
4859,top_t-shirt_sweatshirt
4860,top_t-shirt_sweatshirt
4861,top_t-shirt_sweatshirt
4862,top_t-shirt_sweatshirt
4863,top_t-shirt_sweatshirt
4864,top_t-shirt_sweatshirt
4865,top_t-shirt_sweatshirt
4866,top_t-shirt_sweatshirt
4867,top_t-shirt_sweatshirt
4868,top_t-shirt_sweatshirt
4869,top_t-shirt_sweatshirt
4870,top_t-shirt_sweatshirt
4871,top_t-shirt_sweatshirt
4872,top_t-shirt_sweatshirt
4873,top_t-shirt_sweatshirt
4874,top_t-shirt_sweatshirt
4875,top_t-shirt_sweatshirt
4876,top_t-shirt_sweatshirt
4877,top_t-shirt_sweatshirt
4878,top_t-shirt_sweatshirt
4879,top_t-shirt_sweatshirt
4880,top_t-shirt_sweatshirt
4881,top_t-shirt_sweatshirt
4882,top_t-shirt_sweatshirt
4883,top_t-shirt_sweatshirt
4884,top_t-shirt_sweatshirt
4885,top_t-shirt_sweatshirt
4886,top_t-shirt_sweatshirt
4887,top_t-shirt_sweatshirt
4888,top_t-shirt_sweatshirt
4889,top_t-shirt_sweatshirt
4890,top_t-shirt_sweatshirt
4891,top_t-shirt_sweatshirt
4892,top_t-shirt_sweatshirt
4893,top_t-shirt_sweatshirt
4894,top_t-shirt_sweatshirt
4895,top_t-shirt_sweatshirt
4896,top_t-shirt_sweatshirt
4897,top_t-shirt_sweatshirt
4898,top_t-shirt_sweatshirt
4899,top_t-shirt_sweatshirt
4900,top_t-shirt_sweatshirt
4901,top_t-shirt_sweatshirt
4902,top_t-shirt_sweatshirt
4903,top_t-shirt_sweatshirt
4904,top_t-shirt_sweatshirt
4905,top_t-shirt_sweatshirt
4906,top_t-shirt_sweatshirt
4907,top_t-shirt_sweatshirt
4908,top_t-shirt_sweatshirt
4909,top_t-shirt_sweatshirt
4910,top_t-shirt_sweatshirt
4911,top_t-shirt_sweatshirt
4912,top_t-shirt_sweatshirt
4913,top_t-shirt_sweatshirt
4914,top_t-shirt_sweatshirt
4915,top_t-shirt_sweatshirt
4916,top_t-shirt_sweatshirt
4917,top_t-shirt_sweatshirt
4918,top_t-shirt_sweatshirt
4919,top_t-shirt_sweatshirt
4920,top_t-shirt_sweatshirt
4921,top_t-shirt_sweatshirt
4922,top_t-shirt_sweatshirt
4923,top_t-shirt_sweatshirt
4924,top_t-shirt_sweatshirt
4925,top_t-shirt_sweatshirt
4926,top_t-shirt_sweatshirt
4927,top_t-shirt_sweatshirt
4928,top_t-shirt_sweatshirt
4929,top_t-shirt_sweatshirt
4930,top_t-shirt_sweatshirt
4931,top_t-shirt_sweatshirt
4932,top_t-shirt_sweatshirt
4933,top_t-shirt_sweatshirt
4934,top_t-shirt_sweatshirt
4935,top_t-shirt_sweatshirt
4936,top_t-shirt_sweatshirt
4937,top_t-shirt_sweatshirt
4938,top_t-shirt_sweatshirt
4939,top_t-shirt_sweatshirt
4940,top_t-shirt_sweatshirt
4941,top_t-shirt_sweatshirt
4942,top_t-shirt_sweatshirt
4943,top_t-shirt_sweatshirt
4944,top_t-shirt_sweatshirt
4945,top_t-shirt_sweatshirt
4946,top_t-shirt_sweatshirt
4947,top_t-shirt_sweatshirt
4948,top_t-shirt_sweatshirt
4949,top_t-shirt_sweatshirt
4950,top_t-shirt_sweatshirt
4951,top_t-shirt_sweatshirt
4952,top_t-shirt_sweatshirt
4953,top_t-shirt_sweatshirt
4954,top_t-shirt_sweatshirt
4955,top_t-shirt_sweatshirt
4956,top_t-shirt_sweatshirt
4957,top_t-shirt_sweatshirt
4958,top_t-shirt_sweatshirt
4959,top_t-shirt_sweatshirt
4960,top_t-shirt_sweatshirt
4961,top_t-shirt_sweatshirt
4962,top_t-shirt_sweatshirt
4963,top_t-shirt_sweatshirt
4964,top_t-shirt_sweatshirt
4965,top_t-shirt_sweatshirt
4966,top_t-shirt_sweatshirt
4967,top_t-shirt_sweatshirt
4968,top_t-shirt_sweatshirt
4969,top_t-shirt_sweatshirt
4970,top_t-shirt_sweatshirt
4971,top_t-shirt_sweatshirt
4972,top_t-shirt_sweatshirt
4973,top_t-shirt_sweatshirt
4974,top_t-shirt_sweatshirt
4975,top_t-shirt_sweatshirt
4976,top_t-shirt_sweatshirt
4977,top_t-shirt_sweatshirt
4978,top_t-shirt_sweatshirt
4979,top_t-shirt_sweatshirt
4980,top_t-shirt_sweatshirt
4981,top_t-shirt_sweatshirt
4982,top_t-shirt_sweatshirt
4983,top_t-shirt_sweatshirt
4984,top_t-shirt_sweatshirt
4985,top_t-shirt_sweatshirt
4986,top_t-shirt_sweatshirt
4987,top_t-shirt_sweatshirt
4988,top_t-shirt_sweatshirt
4989,top_t-shirt_sweatshirt
4990,top_t-shirt_sweatshirt
4991,top_t-shirt_sweatshirt
4992,top_t-shirt_sweatshirt
4993,top_t-shirt_sweatshirt
4994,top_t-shirt_sweatshirt
4995,top_t-shirt_sweatshirt
4996,top_t-shirt_sweatshirt
4997,top_t-shirt_sweatshirt
4998,top_t-shirt_sweatshirt
4999,top_t-shirt_sweatshirt
5000,top_t-shirt_sweatshirt
5001,top_t-shirt_sweatshirt
5002,top_t-shirt_sweatshirt
5003,top_t-shirt_sweatshirt
5004,top_t-shirt_sweatshirt
5005,top_t-shirt_sweatshirt
5006,top_t-shirt_sweatshirt
5007,top_t-shirt_sweatshirt
5008,top_t-shirt_sweatshirt
5009,top_t-shirt_sweatshirt
5010,top_t-shirt_sweatshirt
5011,top_t-shirt_sweatshirt
5012,top_t-shirt_sweatshirt
5013,top_t-shirt_sweatshirt
5014,top_t-shirt_sweatshirt
5015,top_t-shirt_sweatshirt
5016,top_t-shirt_sweatshirt
5017,top_t-shirt_sweatshirt
5018,top_t-shirt_sweatshirt
5019,top_t-shirt_sweatshirt
5020,top_t-shirt_sweatshirt
5021,top_t-shirt_sweatshirt
5022,top_t-shirt_sweatshirt
5023,top_t-shirt_sweatshirt
5024,top_t-shirt_sweatshirt
5025,top_t-shirt_sweatshirt
5026,top_t-shirt_sweatshirt
5027,top_t-shirt_sweatshirt
5028,top_t-shirt_sweatshirt
5029,top_t-shirt_sweatshirt
5030,top_t-shirt_sweatshirt
5031,top_t-shirt_sweatshirt
5032,top_t-shirt_sweatshirt
5033,top_t-shirt_sweatshirt
5034,top_t-shirt_sweatshirt
5035,top_t-shirt_sweatshirt
5036,top_t-shirt_sweatshirt
5037,top_t-shirt_sweatshirt
5038,top_t-shirt_sweatshirt
5039,top_t-shirt_sweatshirt
5040,top_t-shirt_sweatshirt
5041,top_t-shirt_sweatshirt
5042,top_t-shirt_sweatshirt
5043,top_t-shirt_sweatshirt
5044,top_t-shirt_sweatshirt
5045,top_t-shirt_sweatshirt
5046,top_t-shirt_sweatshirt
5047,top_t-shirt_sweatshirt
5048,top_t-shirt_sweatshirt
5049,top_t-shirt_sweatshirt
5050,top_t-shirt_sweatshirt
5051,top_t-shirt_sweatshirt
5052,top_t-shirt_sweatshirt
5053,top_t-shirt_sweatshirt
5054,top_t-shirt_sweatshirt
5055,top_t-shirt_sweatshirt
5056,top_t-shirt_sweatshirt
5057,top_t-shirt_sweatshirt
5058,top_t-shirt_sweatshirt
5059,top_t-shirt_sweatshirt
5060,top_t-shirt_sweatshirt
5061,top_t-shirt_sweatshirt
5062,top_t-shirt_sweatshirt
5063,top_t-shirt_sweatshirt
5064,top_t-shirt_sweatshirt
5065,top_t-shirt_sweatshirt
5066,top_t-shirt_sweatshirt
5067,top_t-shirt_sweatshirt
5068,top_t-shirt_sweatshirt
5069,top_t-shirt_sweatshirt
5070,top_t-shirt_sweatshirt
5071,top_t-shirt_sweatshirt
5072,top_t-shirt_sweatshirt
5073,top_t-shirt_sweatshirt
5074,top_t-shirt_sweatshirt
5075,top_t-shirt_sweatshirt
5076,top_t-shirt_sweatshirt
5077,top_t-shirt_sweatshirt
5078,top_t-shirt_sweatshirt
5079,top_t-shirt_sweatshirt
5080,top_t-shirt_sweatshirt
5081,top_t-shirt_sweatshirt
5082,top_t-shirt_sweatshirt
5083,top_t-shirt_sweatshirt
5084,top_t-shirt_sweatshirt
5085,top_t-shirt_sweatshirt
5086,top_t-shirt_sweatshirt
5087,top_t-shirt_sweatshirt
5088,top_t-shirt_sweatshirt
5089,top_t-shirt_sweatshirt
5090,top_t-shirt_sweatshirt
5091,top_t-shirt_sweatshirt
5092,top_t-shirt_sweatshirt
5093,top_t-shirt_sweatshirt
5094,top_t-shirt_sweatshirt
5095,top_t-shirt_sweatshirt
5096,top_t-shirt_sweatshirt
5097,top_t-shirt_sweatshirt
5098,top_t-shirt_sweatshirt
5099,top_t-shirt_sweatshirt
5100,top_t-shirt_sweatshirt
5101,top_t-shirt_sweatshirt
5102,top_t-shirt_sweatshirt
5103,top_t-shirt_sweatshirt
5104,top_t-shirt_sweatshirt
5105,top_t-shirt_sweatshirt
5106,top_t-shirt_sweatshirt
5107,top_t-shirt_sweatshirt
5108,top_t-shirt_sweatshirt
5109,top_t-shirt_sweatshirt
5110,top_t-shirt_sweatshirt
5111,top_t-shirt_sweatshirt
5112,top_t-shirt_sweatshirt
5113,top_t-shirt_sweatshirt
5114,top_t-shirt_sweatshirt
5115,top_t-shirt_sweatshirt
5116,top_t-shirt_sweatshirt
5117,top_t-shirt_sweatshirt
5118,top_t-shirt_sweatshirt
5119,top_t-shirt_sweatshirt
5120,top_t-shirt_sweatshirt
5121,top_t-shirt_sweatshirt
5122,top_t-shirt_sweatshirt
5123,top_t-shirt_sweatshirt
5124,top_t-shirt_sweatshirt
5125,top_t-shirt_sweatshirt
5126,top_t-shirt_sweatshirt
5127,top_t-shirt_sweatshirt
5128,top_t-shirt_sweatshirt
5129,top_t-shirt_sweatshirt
5130,top_t-shirt_sweatshirt
5131,top_t-shirt_sweatshirt
5132,top_t-shirt_sweatshirt
5133,top_t-shirt_sweatshirt
5134,top_t-shirt_sweatshirt
5135,top_t-shirt_sweatshirt
5136,top_t-shirt_sweatshirt
5137,top_t-shirt_sweatshirt
5138,top_t-shirt_sweatshirt
5139,top_t-shirt_sweatshirt
5140,top_t-shirt_sweatshirt
5141,top_t-shirt_sweatshirt
5142,top_t-shirt_sweatshirt
5143,top_t-shirt_sweatshirt
5144,top_t-shirt_sweatshirt
5145,top_t-shirt_sweatshirt
5146,top_t-shirt_sweatshirt
5147,top_t-shirt_sweatshirt
5148,top_t-shirt_sweatshirt
5149,top_t-shirt_sweatshirt
5150,top_t-shirt_sweatshirt
5151,top_t-shirt_sweatshirt
5152,top_t-shirt_sweatshirt
5153,top_t-shirt_sweatshirt
5154,top_t-shirt_sweatshirt
5155,top_t-shirt_sweatshirt
5156,top_t-shirt_sweatshirt
5157,top_t-shirt_sweatshirt
5158,top_t-shirt_sweatshirt
5159,top_t-shirt_sweatshirt
5160,top_t-shirt_sweatshirt
5161,top_t-shirt_sweatshirt
5162,top_t-shirt_sweatshirt
5163,top_t-shirt_sweatshirt
5164,top_t-shirt_sweatshirt
5165,top_t-shirt_sweatshirt
5166,top_t-shirt_sweatshirt
5167,top_t-shirt_sweatshirt
5168,top_t-shirt_sweatshirt
5169,top_t-shirt_sweatshirt
5170,top_t-shirt_sweatshirt
5171,top_t-shirt_sweatshirt
5172,top_t-shirt_sweatshirt
5173,top_t-shirt_sweatshirt
5174,top_t-shirt_sweatshirt
5175,top_t-shirt_sweatshirt
5176,top_t-shirt_sweatshirt
5177,top_t-shirt_sweatshirt
5178,top_t-shirt_sweatshirt
5179,top_t-shirt_sweatshirt
5180,top_t-shirt_sweatshirt
5181,top_t-shirt_sweatshirt
5182,top_t-shirt_sweatshirt
5183,top_t-shirt_sweatshirt
5184,top_t-shirt_sweatshirt
5185,top_t-shirt_sweatshirt
5186,top_t-shirt_sweatshirt
5187,top_t-shirt_sweatshirt
5188,top_t-shirt_sweatshirt
5189,top_t-shirt_sweatshirt
5190,top_t-shirt_sweatshirt
5191,top_t-shirt_sweatshirt
5192,top_t-shirt_sweatshirt
5193,top_t-shirt_sweatshirt
5194,top_t-shirt_sweatshirt
5195,top_t-shirt_sweatshirt
5196,top_t-shirt_sweatshirt
5197,top_t-shirt_sweatshirt
5198,top_t-shirt_sweatshirt
5199,top_t-shirt_sweatshirt
5200,top_t-shirt_sweatshirt
5201,top_t-shirt_sweatshirt
5202,top_t-shirt_sweatshirt
5203,top_t-shirt_sweatshirt
5204,top_t-shirt_sweatshirt
5205,top_t-shirt_sweatshirt
5206,top_t-shirt_sweatshirt
5207,top_t-shirt_sweatshirt
5208,top_t-shirt_sweatshirt
5209,top_t-shirt_sweatshirt
5210,top_t-shirt_sweatshirt
5211,top_t-shirt_sweatshirt
5212,top_t-shirt_sweatshirt
5213,top_t-shirt_sweatshirt
5214,top_t-shirt_sweatshirt
5215,top_t-shirt_sweatshirt
5216,top_t-shirt_sweatshirt
5217,top_t-shirt_sweatshirt
5218,top_t-shirt_sweatshirt
5219,top_t-shirt_sweatshirt
5220,top_t-shirt_sweatshirt
5221,top_t-shirt_sweatshirt
5222,top_t-shirt_sweatshirt
5223,top_t-shirt_sweatshirt
5224,top_t-shirt_sweatshirt
5225,top_t-shirt_sweatshirt
5226,top_t-shirt_sweatshirt
5227,top_t-shirt_sweatshirt
5228,top_t-shirt_sweatshirt
5229,top_t-shirt_sweatshirt
5230,top_t-shirt_sweatshirt
5231,top_t-shirt_sweatshirt
5232,top_t-shirt_sweatshirt
5233,top_t-shirt_sweatshirt
5234,top_t-shirt_sweatshirt
5235,top_t-shirt_sweatshirt
5236,top_t-shirt_sweatshirt
5237,top_t-shirt_sweatshirt
5238,top_t-shirt_sweatshirt
5239,top_t-shirt_sweatshirt
5240,top_t-shirt_sweatshirt
5241,top_t-shirt_sweatshirt
5242,top_t-shirt_sweatshirt
5243,top_t-shirt_sweatshirt
5244,top_t-shirt_sweatshirt
5245,top_t-shirt_sweatshirt
5246,top_t-shirt_sweatshirt
5247,top_t-shirt_sweatshirt
5248,top_t-shirt_sweatshirt
5249,top_t-shirt_sweatshirt
5250,top_t-shirt_sweatshirt
5251,top_t-shirt_sweatshirt
5252,top_t-shirt_sweatshirt
5253,top_t-shirt_sweatshirt
5254,top_t-shirt_sweatshirt
5255,top_t-shirt_sweatshirt
5256,top_t-shirt_sweatshirt
5257,top_t-shirt_sweatshirt
5258,top_t-shirt_sweatshirt
5259,top_t-shirt_sweatshirt
5260,top_t-shirt_sweatshirt
5261,top_t-shirt_sweatshirt
5262,top_t-shirt_sweatshirt
5263,top_t-shirt_sweatshirt
5264,top_t-shirt_sweatshirt
5265,top_t-shirt_sweatshirt
5266,top_t-shirt_sweatshirt
5267,top_t-shirt_sweatshirt
5268,top_t-shirt_sweatshirt
5269,top_t-shirt_sweatshirt
5270,top_t-shirt_sweatshirt
5271,top_t-shirt_sweatshirt
5272,top_t-shirt_sweatshirt
5273,top_t-shirt_sweatshirt
5274,top_t-shirt_sweatshirt
5275,top_t-shirt_sweatshirt
5276,top_t-shirt_sweatshirt
5277,top_t-shirt_sweatshirt
5278,top_t-shirt_sweatshirt
5279,top_t-shirt_sweatshirt
5280,top_t-shirt_sweatshirt
5281,top_t-shirt_sweatshirt
5282,top_t-shirt_sweatshirt
5283,top_t-shirt_sweatshirt
5284,top_t-shirt_sweatshirt
5285,top_t-shirt_sweatshirt
5286,top_t-shirt_sweatshirt
5287,top_t-shirt_sweatshirt
5288,top_t-shirt_sweatshirt
5289,top_t-shirt_sweatshirt
5290,top_t-shirt_sweatshirt
5291,top_t-shirt_sweatshirt
5292,top_t-shirt_sweatshirt
5293,top_t-shirt_sweatshirt
5294,top_t-shirt_sweatshirt
5295,top_t-shirt_sweatshirt
5296,top_t-shirt_sweatshirt
5297,top_t-shirt_sweatshirt
5298,top_t-shirt_sweatshirt
5299,top_t-shirt_sweatshirt
5300,top_t-shirt_sweatshirt
5301,top_t-shirt_sweatshirt
5302,top_t-shirt_sweatshirt
5303,top_t-shirt_sweatshirt
5304,top_t-shirt_sweatshirt
5305,top_t-shirt_sweatshirt
5306,top_t-shirt_sweatshirt
5307,top_t-shirt_sweatshirt
5308,top_t-shirt_sweatshirt
5309,top_t-shirt_sweatshirt
5310,top_t-shirt_sweatshirt
5311,top_t-shirt_sweatshirt
5312,top_t-shirt_sweatshirt
5313,top_t-shirt_sweatshirt
5314,top_t-shirt_sweatshirt
5315,top_t-shirt_sweatshirt
5316,top_t-shirt_sweatshirt
5317,top_t-shirt_sweatshirt
5318,top_t-shirt_sweatshirt
5319,top_t-shirt_sweatshirt
5320,top_t-shirt_sweatshirt
5321,top_t-shirt_sweatshirt
5322,top_t-shirt_sweatshirt
5323,top_t-shirt_sweatshirt
5324,top_t-shirt_sweatshirt
5325,top_t-shirt_sweatshirt
5326,top_t-shirt_sweatshirt
5327,top_t-shirt_sweatshirt
5328,top_t-shirt_sweatshirt
5329,top_t-shirt_sweatshirt
5330,top_t-shirt_sweatshirt
5331,top_t-shirt_sweatshirt
5332,top_t-shirt_sweatshirt
5333,top_t-shirt_sweatshirt
5334,top_t-shirt_sweatshirt
5335,top_t-shirt_sweatshirt
5336,top_t-shirt_sweatshirt
5337,top_t-shirt_sweatshirt
5338,top_t-shirt_sweatshirt
5339,top_t-shirt_sweatshirt
5340,top_t-shirt_sweatshirt
5341,top_t-shirt_sweatshirt
5342,top_t-shirt_sweatshirt
5343,top_t-shirt_sweatshirt
5344,top_t-shirt_sweatshirt
5345,top_t-shirt_sweatshirt
5346,top_t-shirt_sweatshirt
5347,top_t-shirt_sweatshirt
5348,top_t-shirt_sweatshirt
5349,top_t-shirt_sweatshirt
5350,top_t-shirt_sweatshirt
5351,top_t-shirt_sweatshirt
5352,top_t-shirt_sweatshirt
5353,top_t-shirt_sweatshirt
5354,top_t-shirt_sweatshirt
5355,top_t-shirt_sweatshirt
5356,top_t-shirt_sweatshirt
5357,top_t-shirt_sweatshirt
5358,top_t-shirt_sweatshirt
5359,top_t-shirt_sweatshirt
5360,top_t-shirt_sweatshirt
5361,top_t-shirt_sweatshirt
5362,top_t-shirt_sweatshirt
5363,top_t-shirt_sweatshirt
5364,top_t-shirt_sweatshirt
5365,top_t-shirt_sweatshirt
5366,top_t-shirt_sweatshirt
5367,top_t-shirt_sweatshirt
5368,top_t-shirt_sweatshirt
5369,top_t-shirt_sweatshirt
5370,top_t-shirt_sweatshirt
5371,top_t-shirt_sweatshirt
5372,top_t-shirt_sweatshirt
5373,top_t-shirt_sweatshirt
5374,top_t-shirt_sweatshirt
5375,top_t-shirt_sweatshirt
5376,top_t-shirt_sweatshirt
5377,top_t-shirt_sweatshirt
5378,top_t-shirt_sweatshirt
5379,top_t-shirt_sweatshirt
5380,top_t-shirt_sweatshirt
5381,top_t-shirt_sweatshirt
5382,top_t-shirt_sweatshirt
5383,top_t-shirt_sweatshirt
5384,top_t-shirt_sweatshirt
5385,top_t-shirt_sweatshirt
5386,top_t-shirt_sweatshirt
5387,top_t-shirt_sweatshirt
5388,top_t-shirt_sweatshirt
5389,top_t-shirt_sweatshirt
5390,top_t-shirt_sweatshirt
5391,top_t-shirt_sweatshirt
5392,top_t-shirt_sweatshirt
5393,top_t-shirt_sweatshirt
5394,top_t-shirt_sweatshirt
5395,top_t-shirt_sweatshirt
5396,top_t-shirt_sweatshirt
5397,top_t-shirt_sweatshirt
5398,top_t-shirt_sweatshirt
5399,top_t-shirt_sweatshirt
5400,top_t-shirt_sweatshirt
5401,top_t-shirt_sweatshirt
5402,top_t-shirt_sweatshirt
5403,top_t-shirt_sweatshirt
5404,top_t-shirt_sweatshirt
5405,top_t-shirt_sweatshirt
5406,top_t-shirt_sweatshirt
5407,top_t-shirt_sweatshirt
5408,top_t-shirt_sweatshirt
5409,top_t-shirt_sweatshirt
5410,top_t-shirt_sweatshirt
5411,top_t-shirt_sweatshirt
5412,top_t-shirt_sweatshirt
5413,top_t-shirt_sweatshirt
5414,top_t-shirt_sweatshirt
5415,top_t-shirt_sweatshirt
5416,top_t-shirt_sweatshirt
5417,top_t-shirt_sweatshirt
5418,top_t-shirt_sweatshirt
5419,top_t-shirt_sweatshirt
5420,top_t-shirt_sweatshirt
5421,top_t-shirt_sweatshirt
5422,top_t-shirt_sweatshirt
5423,top_t-shirt_sweatshirt
5424,top_t-shirt_sweatshirt
5425,top_t-shirt_sweatshirt
5426,top_t-shirt_sweatshirt
5427,top_t-shirt_sweatshirt
5428,top_t-shirt_sweatshirt
5429,top_t-shirt_sweatshirt
5430,top_t-shirt_sweatshirt
5431,top_t-shirt_sweatshirt
5432,top_t-shirt_sweatshirt
5433,top_t-shirt_sweatshirt
5434,top_t-shirt_sweatshirt
5435,top_t-shirt_sweatshirt
5436,top_t-shirt_sweatshirt
5437,top_t-shirt_sweatshirt
5438,top_t-shirt_sweatshirt
5439,top_t-shirt_sweatshirt
5440,top_t-shirt_sweatshirt
5441,top_t-shirt_sweatshirt
5442,top_t-shirt_sweatshirt
5443,top_t-shirt_sweatshirt
5444,top_t-shirt_sweatshirt
5445,top_t-shirt_sweatshirt
5446,top_t-shirt_sweatshirt
5447,top_t-shirt_sweatshirt
5448,top_t-shirt_sweatshirt
5449,top_t-shirt_sweatshirt
5450,top_t-shirt_sweatshirt
5451,top_t-shirt_sweatshirt
5452,top_t-shirt_sweatshirt
5453,top_t-shirt_sweatshirt
5454,top_t-shirt_sweatshirt
5455,top_t-shirt_sweatshirt
5456,top_t-shirt_sweatshirt
5457,top_t-shirt_sweatshirt
5458,top_t-shirt_sweatshirt
5459,top_t-shirt_sweatshirt
5460,top_t-shirt_sweatshirt
5461,top_t-shirt_sweatshirt
5462,top_t-shirt_sweatshirt
5463,top_t-shirt_sweatshirt
5464,top_t-shirt_sweatshirt
5465,top_t-shirt_sweatshirt
5466,top_t-shirt_sweatshirt
5467,top_t-shirt_sweatshirt
5468,top_t-shirt_sweatshirt
5469,top_t-shirt_sweatshirt
5470,top_t-shirt_sweatshirt
5471,top_t-shirt_sweatshirt
5472,top_t-shirt_sweatshirt
5473,top_t-shirt_sweatshirt
5474,top_t-shirt_sweatshirt
5475,top_t-shirt_sweatshirt
5476,top_t-shirt_sweatshirt
5477,top_t-shirt_sweatshirt
5478,top_t-shirt_sweatshirt
5479,top_t-shirt_sweatshirt
5480,top_t-shirt_sweatshirt
5481,top_t-shirt_sweatshirt
5482,top_t-shirt_sweatshirt
5483,top_t-shirt_sweatshirt
5484,top_t-shirt_sweatshirt
5485,top_t-shirt_sweatshirt
5486,top_t-shirt_sweatshirt
5487,top_t-shirt_sweatshirt
5488,top_t-shirt_sweatshirt
5489,top_t-shirt_sweatshirt
5490,top_t-shirt_sweatshirt
5491,top_t-shirt_sweatshirt
5492,top_t-shirt_sweatshirt
5493,top_t-shirt_sweatshirt
5494,top_t-shirt_sweatshirt
5495,top_t-shirt_sweatshirt
5496,top_t-shirt_sweatshirt
5497,top_t-shirt_sweatshirt
5498,top_t-shirt_sweatshirt
5499,top_t-shirt_sweatshirt
5500,top_t-shirt_sweatshirt
5501,top_t-shirt_sweatshirt
5502,top_t-shirt_sweatshirt
5503,top_t-shirt_sweatshirt
5504,top_t-shirt_sweatshirt
5505,top_t-shirt_sweatshirt
5506,top_t-shirt_sweatshirt
5507,top_t-shirt_sweatshirt
5508,top_t-shirt_sweatshirt
5509,top_t-shirt_sweatshirt
5510,top_t-shirt_sweatshirt
5511,top_t-shirt_sweatshirt
5512,top_t-shirt_sweatshirt
5513,top_t-shirt_sweatshirt
5514,top_t-shirt_sweatshirt
5515,top_t-shirt_sweatshirt
5516,top_t-shirt_sweatshirt
5517,top_t-shirt_sweatshirt
5518,top_t-shirt_sweatshirt
5519,top_t-shirt_sweatshirt
5520,top_t-shirt_sweatshirt
5521,top_t-shirt_sweatshirt
5522,top_t-shirt_sweatshirt
5523,top_t-shirt_sweatshirt
5524,top_t-shirt_sweatshirt
5525,top_t-shirt_sweatshirt
5526,top_t-shirt_sweatshirt
5527,top_t-shirt_sweatshirt
5528,top_t-shirt_sweatshirt
5529,top_t-shirt_sweatshirt
5530,top_t-shirt_sweatshirt
5531,top_t-shirt_sweatshirt
5532,top_t-shirt_sweatshirt
5533,top_t-shirt_sweatshirt
5534,top_t-shirt_sweatshirt
5535,top_t-shirt_sweatshirt
5536,top_t-shirt_sweatshirt
5537,top_t-shirt_sweatshirt
5538,top_t-shirt_sweatshirt
5539,top_t-shirt_sweatshirt
5540,top_t-shirt_sweatshirt
5541,top_t-shirt_sweatshirt
5542,top_t-shirt_sweatshirt
5543,top_t-shirt_sweatshirt
5544,top_t-shirt_sweatshirt
5545,top_t-shirt_sweatshirt
5546,top_t-shirt_sweatshirt
5547,top_t-shirt_sweatshirt
5548,top_t-shirt_sweatshirt
5549,top_t-shirt_sweatshirt
5550,top_t-shirt_sweatshirt
5551,top_t-shirt_sweatshirt
5552,top_t-shirt_sweatshirt
5553,top_t-shirt_sweatshirt
5554,top_t-shirt_sweatshirt
5555,top_t-shirt_sweatshirt
5556,top_t-shirt_sweatshirt
5557,top_t-shirt_sweatshirt
5558,top_t-shirt_sweatshirt
5559,top_t-shirt_sweatshirt
5560,top_t-shirt_sweatshirt
5561,top_t-shirt_sweatshirt
5562,top_t-shirt_sweatshirt
5563,top_t-shirt_sweatshirt
5564,top_t-shirt_sweatshirt
5565,top_t-shirt_sweatshirt
5566,top_t-shirt_sweatshirt
5567,top_t-shirt_sweatshirt
5568,top_t-shirt_sweatshirt
5569,top_t-shirt_sweatshirt
5570,top_t-shirt_sweatshirt
5571,top_t-shirt_sweatshirt
5572,top_t-shirt_sweatshirt
5573,top_t-shirt_sweatshirt
5574,top_t-shirt_sweatshirt
5575,top_t-shirt_sweatshirt
5576,top_t-shirt_sweatshirt
5577,top_t-shirt_sweatshirt
5578,top_t-shirt_sweatshirt
5579,top_t-shirt_sweatshirt
5580,top_t-shirt_sweatshirt
5581,top_t-shirt_sweatshirt
5582,top_t-shirt_sweatshirt
5583,top_t-shirt_sweatshirt
5584,top_t-shirt_sweatshirt
5585,top_t-shirt_sweatshirt
5586,top_t-shirt_sweatshirt
5587,top_t-shirt_sweatshirt
5588,top_t-shirt_sweatshirt
5589,top_t-shirt_sweatshirt
5590,top_t-shirt_sweatshirt
5591,top_t-shirt_sweatshirt
5592,top_t-shirt_sweatshirt
5593,top_t-shirt_sweatshirt
5594,top_t-shirt_sweatshirt
5595,top_t-shirt_sweatshirt
5596,top_t-shirt_sweatshirt
5597,top_t-shirt_sweatshirt
5598,top_t-shirt_sweatshirt
5599,top_t-shirt_sweatshirt
5600,top_t-shirt_sweatshirt
5601,top_t-shirt_sweatshirt
5602,top_t-shirt_sweatshirt
5603,top_t-shirt_sweatshirt
5604,top_t-shirt_sweatshirt
5605,top_t-shirt_sweatshirt
5606,top_t-shirt_sweatshirt
5607,top_t-shirt_sweatshirt
5608,top_t-shirt_sweatshirt
5609,top_t-shirt_sweatshirt
5610,top_t-shirt_sweatshirt
5611,top_t-shirt_sweatshirt
5612,top_t-shirt_sweatshirt
5613,top_t-shirt_sweatshirt
5614,top_t-shirt_sweatshirt
5615,top_t-shirt_sweatshirt
5616,top_t-shirt_sweatshirt
5617,top_t-shirt_sweatshirt
5618,top_t-shirt_sweatshirt
5619,top_t-shirt_sweatshirt
5620,top_t-shirt_sweatshirt
5621,top_t-shirt_sweatshirt
5622,top_t-shirt_sweatshirt
5623,top_t-shirt_sweatshirt
5624,top_t-shirt_sweatshirt
5625,top_t-shirt_sweatshirt
5626,top_t-shirt_sweatshirt
5627,top_t-shirt_sweatshirt
5628,top_t-shirt_sweatshirt
5629,top_t-shirt_sweatshirt
5630,top_t-shirt_sweatshirt
5631,top_t-shirt_sweatshirt
5632,top_t-shirt_sweatshirt
5633,top_t-shirt_sweatshirt
5634,top_t-shirt_sweatshirt
5635,top_t-shirt_sweatshirt
5636,top_t-shirt_sweatshirt
5637,top_t-shirt_sweatshirt
5638,top_t-shirt_sweatshirt
5639,top_t-shirt_sweatshirt
5640,top_t-shirt_sweatshirt
5641,top_t-shirt_sweatshirt
5642,top_t-shirt_sweatshirt
5643,top_t-shirt_sweatshirt
5644,top_t-shirt_sweatshirt
5645,top_t-shirt_sweatshirt
5646,top_t-shirt_sweatshirt
5647,top_t-shirt_sweatshirt
5648,top_t-shirt_sweatshirt
5649,top_t-shirt_sweatshirt
5650,top_t-shirt_sweatshirt
5651,top_t-shirt_sweatshirt
5652,top_t-shirt_sweatshirt
5653,top_t-shirt_sweatshirt
5654,top_t-shirt_sweatshirt
5655,top_t-shirt_sweatshirt
5656,top_t-shirt_sweatshirt
5657,top_t-shirt_sweatshirt
5658,top_t-shirt_sweatshirt
5659,top_t-shirt_sweatshirt
5660,top_t-shirt_sweatshirt
5661,top_t-shirt_sweatshirt
5662,top_t-shirt_sweatshirt
5663,top_t-shirt_sweatshirt
5664,top_t-shirt_sweatshirt
5665,top_t-shirt_sweatshirt
5666,top_t-shirt_sweatshirt
5667,top_t-shirt_sweatshirt
5668,top_t-shirt_sweatshirt
5669,top_t-shirt_sweatshirt
5670,top_t-shirt_sweatshirt
5671,top_t-shirt_sweatshirt
5672,top_t-shirt_sweatshirt
5673,top_t-shirt_sweatshirt
5674,top_t-shirt_sweatshirt
5675,top_t-shirt_sweatshirt
5676,top_t-shirt_sweatshirt
5677,top_t-shirt_sweatshirt
5678,top_t-shirt_sweatshirt
5679,top_t-shirt_sweatshirt
5680,top_t-shirt_sweatshirt
5681,top_t-shirt_sweatshirt
5682,top_t-shirt_sweatshirt
5683,top_t-shirt_sweatshirt
5684,top_t-shirt_sweatshirt
5685,top_t-shirt_sweatshirt
5686,top_t-shirt_sweatshirt
5687,top_t-shirt_sweatshirt
5688,top_t-shirt_sweatshirt
5689,top_t-shirt_sweatshirt
5690,top_t-shirt_sweatshirt
5691,top_t-shirt_sweatshirt
5692,top_t-shirt_sweatshirt
5693,top_t-shirt_sweatshirt
5694,top_t-shirt_sweatshirt
5695,top_t-shirt_sweatshirt
5696,top_t-shirt_sweatshirt
5697,top_t-shirt_sweatshirt
5698,top_t-shirt_sweatshirt
5699,top_t-shirt_sweatshirt
5700,top_t-shirt_sweatshirt
5701,top_t-shirt_sweatshirt
5702,top_t-shirt_sweatshirt
5703,top_t-shirt_sweatshirt
5704,top_t-shirt_sweatshirt
5705,top_t-shirt_sweatshirt
5706,top_t-shirt_sweatshirt
5707,top_t-shirt_sweatshirt
5708,top_t-shirt_sweatshirt
5709,top_t-shirt_sweatshirt
5710,top_t-shirt_sweatshirt
5711,top_t-shirt_sweatshirt
5712,top_t-shirt_sweatshirt
5713,top_t-shirt_sweatshirt
5714,top_t-shirt_sweatshirt
5715,top_t-shirt_sweatshirt
5716,top_t-shirt_sweatshirt
5717,top_t-shirt_sweatshirt
5718,top_t-shirt_sweatshirt
5719,top_t-shirt_sweatshirt
5720,top_t-shirt_sweatshirt
5721,top_t-shirt_sweatshirt
5722,top_t-shirt_sweatshirt
5723,top_t-shirt_sweatshirt
5724,top_t-shirt_sweatshirt
5725,top_t-shirt_sweatshirt
5726,top_t-shirt_sweatshirt
5727,top_t-shirt_sweatshirt
5728,top_t-shirt_sweatshirt
5729,top_t-shirt_sweatshirt
5730,top_t-shirt_sweatshirt
5731,top_t-shirt_sweatshirt
5732,top_t-shirt_sweatshirt
5733,top_t-shirt_sweatshirt
5734,top_t-shirt_sweatshirt
5735,top_t-shirt_sweatshirt
5736,top_t-shirt_sweatshirt
5737,top_t-shirt_sweatshirt
5738,top_t-shirt_sweatshirt
5739,top_t-shirt_sweatshirt
5740,top_t-shirt_sweatshirt
5741,top_t-shirt_sweatshirt
5742,top_t-shirt_sweatshirt
5743,top_t-shirt_sweatshirt
5744,top_t-shirt_sweatshirt
5745,top_t-shirt_sweatshirt
5746,top_t-shirt_sweatshirt
5747,top_t-shirt_sweatshirt
5748,top_t-shirt_sweatshirt
5749,top_t-shirt_sweatshirt
5750,top_t-shirt_sweatshirt
5751,top_t-shirt_sweatshirt
5752,top_t-shirt_sweatshirt
5753,top_t-shirt_sweatshirt
5754,top_t-shirt_sweatshirt
5755,top_t-shirt_sweatshirt
5756,top_t-shirt_sweatshirt
5757,top_t-shirt_sweatshirt
5758,top_t-shirt_sweatshirt
5759,top_t-shirt_sweatshirt
5760,top_t-shirt_sweatshirt
5761,top_t-shirt_sweatshirt
5762,top_t-shirt_sweatshirt
5763,top_t-shirt_sweatshirt
5764,top_t-shirt_sweatshirt
5765,top_t-shirt_sweatshirt
5766,top_t-shirt_sweatshirt
5767,top_t-shirt_sweatshirt
5768,top_t-shirt_sweatshirt
5769,top_t-shirt_sweatshirt
5770,top_t-shirt_sweatshirt
5771,top_t-shirt_sweatshirt
5772,top_t-shirt_sweatshirt
5773,top_t-shirt_sweatshirt
5774,top_t-shirt_sweatshirt
5775,top_t-shirt_sweatshirt
5776,top_t-shirt_sweatshirt
5777,top_t-shirt_sweatshirt
5778,top_t-shirt_sweatshirt
5779,top_t-shirt_sweatshirt
5780,top_t-shirt_sweatshirt
5781,top_t-shirt_sweatshirt
5782,top_t-shirt_sweatshirt
5783,top_t-shirt_sweatshirt
5784,top_t-shirt_sweatshirt
5785,top_t-shirt_sweatshirt
5786,top_t-shirt_sweatshirt
5787,top_t-shirt_sweatshirt
5788,top_t-shirt_sweatshirt
5789,top_t-shirt_sweatshirt
5790,top_t-shirt_sweatshirt
5791,top_t-shirt_sweatshirt
5792,top_t-shirt_sweatshirt
5793,top_t-shirt_sweatshirt
5794,top_t-shirt_sweatshirt
5795,top_t-shirt_sweatshirt
5796,top_t-shirt_sweatshirt
5797,top_t-shirt_sweatshirt
5798,top_t-shirt_sweatshirt
5799,top_t-shirt_sweatshirt
5800,top_t-shirt_sweatshirt
5801,top_t-shirt_sweatshirt
5802,top_t-shirt_sweatshirt
5803,top_t-shirt_sweatshirt
5804,top_t-shirt_sweatshirt
5805,top_t-shirt_sweatshirt
5806,top_t-shirt_sweatshirt
5807,top_t-shirt_sweatshirt
5808,top_t-shirt_sweatshirt
5809,top_t-shirt_sweatshirt
5810,top_t-shirt_sweatshirt
5811,top_t-shirt_sweatshirt
5812,top_t-shirt_sweatshirt
5813,top_t-shirt_sweatshirt
5814,top_t-shirt_sweatshirt
5815,top_t-shirt_sweatshirt
5816,top_t-shirt_sweatshirt
5817,top_t-shirt_sweatshirt
5818,top_t-shirt_sweatshirt
5819,top_t-shirt_sweatshirt
5820,top_t-shirt_sweatshirt
5821,top_t-shirt_sweatshirt
5822,top_t-shirt_sweatshirt
5823,top_t-shirt_sweatshirt
5824,top_t-shirt_sweatshirt
5825,top_t-shirt_sweatshirt
5826,top_t-shirt_sweatshirt
5827,top_t-shirt_sweatshirt
5828,top_t-shirt_sweatshirt
5829,top_t-shirt_sweatshirt
5830,top_t-shirt_sweatshirt
5831,top_t-shirt_sweatshirt
5832,top_t-shirt_sweatshirt
5833,top_t-shirt_sweatshirt
5834,top_t-shirt_sweatshirt
5835,top_t-shirt_sweatshirt
5836,top_t-shirt_sweatshirt
5837,top_t-shirt_sweatshirt
5838,top_t-shirt_sweatshirt
5839,top_t-shirt_sweatshirt
5840,top_t-shirt_sweatshirt
5841,top_t-shirt_sweatshirt
5842,top_t-shirt_sweatshirt
5843,top_t-shirt_sweatshirt
5844,top_t-shirt_sweatshirt
5845,top_t-shirt_sweatshirt
5846,top_t-shirt_sweatshirt
5847,top_t-shirt_sweatshirt
5848,top_t-shirt_sweatshirt
5849,top_t-shirt_sweatshirt
5850,top_t-shirt_sweatshirt
5851,top_t-shirt_sweatshirt
5852,top_t-shirt_sweatshirt
5853,top_t-shirt_sweatshirt
5854,top_t-shirt_sweatshirt
5855,top_t-shirt_sweatshirt
5856,top_t-shirt_sweatshirt
5857,top_t-shirt_sweatshirt
5858,top_t-shirt_sweatshirt
5859,top_t-shirt_sweatshirt
5860,top_t-shirt_sweatshirt
5861,top_t-shirt_sweatshirt
5862,top_t-shirt_sweatshirt
5863,top_t-shirt_sweatshirt
5864,top_t-shirt_sweatshirt
5865,top_t-shirt_sweatshirt
5866,top_t-shirt_sweatshirt
5867,top_t-shirt_sweatshirt
5868,top_t-shirt_sweatshirt
5869,top_t-shirt_sweatshirt
5870,top_t-shirt_sweatshirt
5871,top_t-shirt_sweatshirt
5872,top_t-shirt_sweatshirt
5873,top_t-shirt_sweatshirt
5874,top_t-shirt_sweatshirt
5875,top_t-shirt_sweatshirt
5876,top_t-shirt_sweatshirt
5877,top_t-shirt_sweatshirt
5878,top_t-shirt_sweatshirt
5879,top_t-shirt_sweatshirt
5880,top_t-shirt_sweatshirt
5881,top_t-shirt_sweatshirt
5882,top_t-shirt_sweatshirt
5883,top_t-shirt_sweatshirt
5884,top_t-shirt_sweatshirt
5885,top_t-shirt_sweatshirt
5886,top_t-shirt_sweatshirt
5887,top_t-shirt_sweatshirt
5888,top_t-shirt_sweatshirt
5889,top_t-shirt_sweatshirt
5890,top_t-shirt_sweatshirt
5891,top_t-shirt_sweatshirt
5892,top_t-shirt_sweatshirt
5893,top_t-shirt_sweatshirt
5894,top_t-shirt_sweatshirt
5895,top_t-shirt_sweatshirt
5896,top_t-shirt_sweatshirt
5897,top_t-shirt_sweatshirt
5898,top_t-shirt_sweatshirt
5899,top_t-shirt_sweatshirt
5900,top_t-shirt_sweatshirt
5901,top_t-shirt_sweatshirt
5902,top_t-shirt_sweatshirt
5903,top_t-shirt_sweatshirt
5904,top_t-shirt_sweatshirt
5905,top_t-shirt_sweatshirt
5906,top_t-shirt_sweatshirt
5907,top_t-shirt_sweatshirt
5908,top_t-shirt_sweatshirt
5909,top_t-shirt_sweatshirt
5910,top_t-shirt_sweatshirt
5911,top_t-shirt_sweatshirt
5912,top_t-shirt_sweatshirt
5913,top_t-shirt_sweatshirt
5914,top_t-shirt_sweatshirt
5915,top_t-shirt_sweatshirt
5916,top_t-shirt_sweatshirt
5917,top_t-shirt_sweatshirt
5918,top_t-shirt_sweatshirt
5919,top_t-shirt_sweatshirt
5920,top_t-shirt_sweatshirt
5921,top_t-shirt_sweatshirt
5922,top_t-shirt_sweatshirt
5923,top_t-shirt_sweatshirt
5924,top_t-shirt_sweatshirt
5925,top_t-shirt_sweatshirt
5926,top_t-shirt_sweatshirt
5927,top_t-shirt_sweatshirt
5928,top_t-shirt_sweatshirt
5929,top_t-shirt_sweatshirt
5930,top_t-shirt_sweatshirt
5931,top_t-shirt_sweatshirt
5932,top_t-shirt_sweatshirt
5933,top_t-shirt_sweatshirt
5934,top_t-shirt_sweatshirt
5935,top_t-shirt_sweatshirt
5936,top_t-shirt_sweatshirt
5937,top_t-shirt_sweatshirt
5938,top_t-shirt_sweatshirt
5939,top_t-shirt_sweatshirt
5940,top_t-shirt_sweatshirt
5941,top_t-shirt_sweatshirt
5942,top_t-shirt_sweatshirt
5943,top_t-shirt_sweatshirt
5944,top_t-shirt_sweatshirt
5945,top_t-shirt_sweatshirt
5946,top_t-shirt_sweatshirt
5947,top_t-shirt_sweatshirt
5948,top_t-shirt_sweatshirt
5949,top_t-shirt_sweatshirt
5950,top_t-shirt_sweatshirt
5951,top_t-shirt_sweatshirt
5952,top_t-shirt_sweatshirt
5953,top_t-shirt_sweatshirt
5954,top_t-shirt_sweatshirt
5955,top_t-shirt_sweatshirt
5956,top_t-shirt_sweatshirt
5957,top_t-shirt_sweatshirt
5958,top_t-shirt_sweatshirt
5959,top_t-shirt_sweatshirt
5960,top_t-shirt_sweatshirt
5961,top_t-shirt_sweatshirt
5962,top_t-shirt_sweatshirt
5963,top_t-shirt_sweatshirt
5964,top_t-shirt_sweatshirt
5965,top_t-shirt_sweatshirt
5966,top_t-shirt_sweatshirt
5967,top_t-shirt_sweatshirt
5968,top_t-shirt_sweatshirt
5969,top_t-shirt_sweatshirt
5970,top_t-shirt_sweatshirt
5971,top_t-shirt_sweatshirt
5972,top_t-shirt_sweatshirt
5973,top_t-shirt_sweatshirt
5974,top_t-shirt_sweatshirt
5975,top_t-shirt_sweatshirt
5976,top_t-shirt_sweatshirt
5977,top_t-shirt_sweatshirt
5978,top_t-shirt_sweatshirt
5979,top_t-shirt_sweatshirt
5980,top_t-shirt_sweatshirt
5981,top_t-shirt_sweatshirt
5982,top_t-shirt_sweatshirt
5983,top_t-shirt_sweatshirt
5984,top_t-shirt_sweatshirt
5985,top_t-shirt_sweatshirt
5986,top_t-shirt_sweatshirt
5987,top_t-shirt_sweatshirt
5988,top_t-shirt_sweatshirt
5989,top_t-shirt_sweatshirt
5990,top_t-shirt_sweatshirt
5991,top_t-shirt_sweatshirt
5992,top_t-shirt_sweatshirt
5993,top_t-shirt_sweatshirt
5994,top_t-shirt_sweatshirt
5995,top_t-shirt_sweatshirt
5996,top_t-shirt_sweatshirt
5997,top_t-shirt_sweatshirt
5998,top_t-shirt_sweatshirt
5999,top_t-shirt_sweatshirt
6000,top_t-shirt_sweatshirt
6001,top_t-shirt_sweatshirt
6002,top_t-shirt_sweatshirt
6003,top_t-shirt_sweatshirt
6004,top_t-shirt_sweatshirt
6005,top_t-shirt_sweatshirt
6006,top_t-shirt_sweatshirt
6007,top_t-shirt_sweatshirt
6008,top_t-shirt_sweatshirt
6009,top_t-shirt_sweatshirt
6010,top_t-shirt_sweatshirt
6011,top_t-shirt_sweatshirt
6012,top_t-shirt_sweatshirt
6013,top_t-shirt_sweatshirt
6014,top_t-shirt_sweatshirt
6015,top_t-shirt_sweatshirt
6016,top_t-shirt_sweatshirt
6017,top_t-shirt_sweatshirt
6018,top_t-shirt_sweatshirt
6019,top_t-shirt_sweatshirt
6020,top_t-shirt_sweatshirt
6021,top_t-shirt_sweatshirt
6022,top_t-shirt_sweatshirt
6023,top_t-shirt_sweatshirt
6024,top_t-shirt_sweatshirt
6025,top_t-shirt_sweatshirt
6026,top_t-shirt_sweatshirt
6027,dress shoe
6028,top_t-shirt_sweatshirt
6029,top_t-shirt_sweatshirt
6030,top_t-shirt_sweatshirt
6031,top_t-shirt_sweatshirt
6032,top_t-shirt_sweatshirt
6033,top_t-shirt_sweatshirt
6034,top_t-shirt_sweatshirt
6035,top_t-shirt_sweatshirt
6036,top_t-shirt_sweatshirt
6037,top_t-shirt_sweatshirt
6038,top_t-shirt_sweatshirt
6039,top_t-shirt_sweatshirt
6040,top_t-shirt_sweatshirt
6041,top_t-shirt_sweatshirt
6042,top_t-shirt_sweatshirt
6043,top_t-shirt_sweatshirt
6044,top_t-shirt_sweatshirt
6045,top_t-shirt_sweatshirt
6046,top_t-shirt_sweatshirt
6047,top_t-shirt_sweatshirt
6048,top_t-shirt_sweatshirt
6049,top_t-shirt_sweatshirt
6050,top_t-shirt_sweatshirt
6051,top_t-shirt_sweatshirt
6052,top_t-shirt_sweatshirt
6053,top_t-shirt_sweatshirt
6054,top_t-shirt_sweatshirt
6055,top_t-shirt_sweatshirt
6056,top_t-shirt_sweatshirt
6057,top_t-shirt_sweatshirt
6058,top_t-shirt_sweatshirt
6059,top_t-shirt_sweatshirt
6060,top_t-shirt_sweatshirt
6061,top_t-shirt_sweatshirt
6062,top_t-shirt_sweatshirt
6063,top_t-shirt_sweatshirt
6064,top_t-shirt_sweatshirt
6065,top_t-shirt_sweatshirt
6066,top_t-shirt_sweatshirt
6067,top_t-shirt_sweatshirt
6068,top_t-shirt_sweatshirt
6069,top_t-shirt_sweatshirt
6070,top_t-shirt_sweatshirt
6071,top_t-shirt_sweatshirt
6072,top_t-shirt_sweatshirt
6073,top_t-shirt_sweatshirt
6074,top_t-shirt_sweatshirt
6075,top_t-shirt_sweatshirt
6076,top_t-shirt_sweatshirt
6077,top_t-shirt_sweatshirt
6078,top_t-shirt_sweatshirt
6079,top_t-shirt_sweatshirt
6080,top_t-shirt_sweatshirt
6081,top_t-shirt_sweatshirt
6082,top_t-shirt_sweatshirt
6083,top_t-shirt_sweatshirt
6084,top_t-shirt_sweatshirt
6085,top_t-shirt_sweatshirt
6086,top_t-shirt_sweatshirt
6087,top_t-shirt_sweatshirt
6088,top_t-shirt_sweatshirt
6089,top_t-shirt_sweatshirt
6090,top_t-shirt_sweatshirt
6091,top_t-shirt_sweatshirt
6092,top_t-shirt_sweatshirt
6093,top_t-shirt_sweatshirt
6094,top_t-shirt_sweatshirt
6095,top_t-shirt_sweatshirt
6096,top_t-shirt_sweatshirt
6097,top_t-shirt_sweatshirt
6098,top_t-shirt_sweatshirt
6099,top_t-shirt_sweatshirt
6100,top_t-shirt_sweatshirt
6101,top_t-shirt_sweatshirt
6102,top_t-shirt_sweatshirt
6103,top_t-shirt_sweatshirt
6104,top_t-shirt_sweatshirt
6105,top_t-shirt_sweatshirt
6106,top_t-shirt_sweatshirt
6107,top_t-shirt_sweatshirt
6108,top_t-shirt_sweatshirt
6109,top_t-shirt_sweatshirt
6110,top_t-shirt_sweatshirt
6111,top_t-shirt_sweatshirt
6112,top_t-shirt_sweatshirt
6113,top_t-shirt_sweatshirt
6114,top_t-shirt_sweatshirt
6115,top_t-shirt_sweatshirt
6116,top_t-shirt_sweatshirt
6117,top_t-shirt_sweatshirt
6118,top_t-shirt_sweatshirt
6119,top_t-shirt_sweatshirt
6120,top_t-shirt_sweatshirt
6121,top_t-shirt_sweatshirt
6122,top_t-shirt_sweatshirt
6123,top_t-shirt_sweatshirt
6124,top_t-shirt_sweatshirt
6125,top_t-shirt_sweatshirt
6126,top_t-shirt_sweatshirt
6127,top_t-shirt_sweatshirt
6128,top_t-shirt_sweatshirt
6129,top_t-shirt_sweatshirt
6130,top_t-shirt_sweatshirt
6131,top_t-shirt_sweatshirt
6132,top_t-shirt_sweatshirt
6133,top_t-shirt_sweatshirt
6134,top_t-shirt_sweatshirt
6135,top_t-shirt_sweatshirt
6136,top_t-shirt_sweatshirt
6137,top_t-shirt_sweatshirt
6138,top_t-shirt_sweatshirt
6139,top_t-shirt_sweatshirt
6140,top_t-shirt_sweatshirt
6141,top_t-shirt_sweatshirt
6142,top_t-shirt_sweatshirt
6143,top_t-shirt_sweatshirt
6144,top_t-shirt_sweatshirt
6145,top_t-shirt_sweatshirt
6146,top_t-shirt_sweatshirt
6147,top_t-shirt_sweatshirt
6148,top_t-shirt_sweatshirt
6149,top_t-shirt_sweatshirt
6150,top_t-shirt_sweatshirt
6151,top_t-shirt_sweatshirt
6152,top_t-shirt_sweatshirt
6153,top_t-shirt_sweatshirt
6154,top_t-shirt_sweatshirt
6155,top_t-shirt_sweatshirt
6156,top_t-shirt_sweatshirt
6157,top_t-shirt_sweatshirt
6158,top_t-shirt_sweatshirt
6159,top_t-shirt_sweatshirt
6160,top_t-shirt_sweatshirt
6161,top_t-shirt_sweatshirt
6162,top_t-shirt_sweatshirt
6163,top_t-shirt_sweatshirt
6164,top_t-shirt_sweatshirt
6165,top_t-shirt_sweatshirt
6166,top_t-shirt_sweatshirt
6167,top_t-shirt_sweatshirt
6168,top_t-shirt_sweatshirt
6169,top_t-shirt_sweatshirt
6170,top_t-shirt_sweatshirt
6171,top_t-shirt_sweatshirt
6172,top_t-shirt_sweatshirt
6173,top_t-shirt_sweatshirt
6174,top_t-shirt_sweatshirt
6175,top_t-shirt_sweatshirt
6176,top_t-shirt_sweatshirt
6177,top_t-shirt_sweatshirt
6178,top_t-shirt_sweatshirt
6179,top_t-shirt_sweatshirt
6180,top_t-shirt_sweatshirt
6181,top_t-shirt_sweatshirt
6182,top_t-shirt_sweatshirt
6183,top_t-shirt_sweatshirt
6184,top_t-shirt_sweatshirt
6185,top_t-shirt_sweatshirt
6186,top_t-shirt_sweatshirt
6187,top_t-shirt_sweatshirt
6188,top_t-shirt_sweatshirt
6189,top_t-shirt_sweatshirt
6190,top_t-shirt_sweatshirt
6191,top_t-shirt_sweatshirt
6192,top_t-shirt_sweatshirt
6193,top_t-shirt_sweatshirt
6194,top_t-shirt_sweatshirt
6195,top_t-shirt_sweatshirt
6196,top_t-shirt_sweatshirt
6197,top_t-shirt_sweatshirt
6198,top_t-shirt_sweatshirt
6199,top_t-shirt_sweatshirt
6200,top_t-shirt_sweatshirt
6201,top_t-shirt_sweatshirt
6202,top_t-shirt_sweatshirt
6203,top_t-shirt_sweatshirt
6204,top_t-shirt_sweatshirt
6205,top_t-shirt_sweatshirt
6206,top_t-shirt_sweatshirt
6207,top_t-shirt_sweatshirt
6208,top_t-shirt_sweatshirt
6209,top_t-shirt_sweatshirt
